grid_cell,lon,lat,ba
1,-139.375,59.5,British Columbia.a
2,-138.75,59.5,British Columbia.a
3,-138.75,59.0,British Columbia.a
4,-138.125,59.5,British Columbia.a
5,-138.125,59.0,British Columbia.a
6,-137.5,59.5,British Columbia.a
7,-137.5,59.0,British Columbia.a
8,-136.875,59.5,British Columbia.a
9,-136.875,59.0,British Columbia.a
10,-136.25,59.5,British Columbia.a
11,-136.25,59.0,British Columbia.a
12,-135.625,59.5,British Columbia.a
13,-135.625,59.0,British Columbia.a
14,-135.0,59.5,British Columbia.a
15,-135.0,59.0,British Columbia.a
16,-134.375,59.5,British Columbia.a
17,-134.375,59.0,British Columbia.a
18,-134.375,58.5,British Columbia.a
19,-133.75,59.5,British Columbia.a
20,-133.75,59.0,British Columbia.a
21,-133.75,58.5,British Columbia.a
22,-133.75,58.0,British Columbia.a
23,-133.75,54.0,British Columbia.a
24,-133.75,53.5,British Columbia.a
25,-133.125,59.5,British Columbia.a
26,-133.125,59.0,British Columbia.a
27,-133.125,58.5,British Columbia.a
28,-133.125,58.0,British Columbia.a
29,-133.125,57.5,British Columbia.a
30,-133.125,57.0,British Columbia.a
31,-133.125,54.0,British Columbia.a
32,-133.125,53.5,British Columbia.a
33,-133.125,53.0,British Columbia.a
34,-133.125,52.5,British Columbia.a
35,-132.5,59.5,British Columbia.a
36,-132.5,59.0,British Columbia.a
37,-132.5,58.5,British Columbia.a
38,-132.5,58.0,British Columbia.a
39,-132.5,57.5,British Columbia.a
40,-132.5,57.0,British Columbia.a
41,-132.5,56.5,British Columbia.a
42,-132.5,54.0,British Columbia.a
43,-132.5,53.5,British Columbia.a
44,-132.5,53.0,British Columbia.a
45,-132.5,52.5,British Columbia.a
46,-131.875,59.5,British Columbia.a
47,-131.875,59.0,British Columbia.a
48,-131.875,58.5,British Columbia.a
49,-131.875,58.0,British Columbia.a
50,-131.875,57.5,British Columbia.a
51,-131.875,57.0,British Columbia.a
52,-131.875,56.5,British Columbia.a
53,-131.875,56.0,British Columbia.a
54,-131.875,54.0,British Columbia.a
55,-131.875,53.5,British Columbia.a
56,-131.875,53.0,British Columbia.a
57,-131.875,52.5,British Columbia.a
58,-131.875,52.0,British Columbia.a
59,-131.25,59.5,British Columbia.a
60,-131.25,59.0,British Columbia.a
61,-131.25,58.5,British Columbia.a
62,-131.25,58.0,British Columbia.a
63,-131.25,57.5,British Columbia.a
64,-131.25,57.0,British Columbia.a
65,-131.25,56.5,British Columbia.a
66,-131.25,56.0,British Columbia.a
67,-131.25,54.5,British Columbia.a
68,-131.25,54.0,British Columbia.a
69,-131.25,53.5,British Columbia.a
70,-131.25,53.0,British Columbia.a
71,-131.25,52.5,British Columbia.a
72,-131.25,52.0,British Columbia.a
73,-131.25,51.5,British Columbia.a
74,-130.625,59.5,British Columbia.a
75,-130.625,59.0,British Columbia.a
76,-130.625,58.5,British Columbia.a
77,-130.625,58.0,British Columbia.a
78,-130.625,57.5,British Columbia.a
79,-130.625,57.0,British Columbia.a
80,-130.625,56.5,British Columbia.a
81,-130.625,56.0,British Columbia.a
82,-130.625,55.5,British Columbia.a
83,-130.625,55.0,British Columbia.a
84,-130.625,54.5,British Columbia.a
85,-130.625,54.0,British Columbia.a
86,-130.625,53.5,British Columbia.a
87,-130.625,53.0,British Columbia.a
88,-130.625,52.5,British Columbia.a
89,-130.625,52.0,British Columbia.a
90,-130.0,59.5,British Columbia.a
91,-130.0,59.0,British Columbia.a
92,-130.0,58.5,British Columbia.a
93,-130.0,58.0,British Columbia.a
94,-130.0,57.5,British Columbia.a
95,-130.0,57.0,British Columbia.a
96,-130.0,56.5,British Columbia.a
97,-130.0,56.0,British Columbia.a
98,-130.0,55.5,British Columbia.a
99,-130.0,55.0,British Columbia.a
100,-130.0,54.5,British Columbia.a
101,-130.0,54.0,British Columbia.a
102,-130.0,53.5,British Columbia.a
103,-130.0,53.0,British Columbia.a
104,-130.0,52.5,British Columbia.a
105,-130.0,52.0,British Columbia.a
106,-129.375,59.5,British Columbia.a
107,-129.375,59.0,British Columbia.a
108,-129.375,58.5,British Columbia.a
109,-129.375,58.0,British Columbia.a
110,-129.375,57.5,British Columbia.a
111,-129.375,57.0,British Columbia.a
112,-129.375,56.5,British Columbia.a
113,-129.375,56.0,British Columbia.a
114,-129.375,55.5,British Columbia.a
115,-129.375,55.0,British Columbia.a
116,-129.375,54.5,British Columbia.a
117,-129.375,54.0,British Columbia.a
118,-129.375,53.5,British Columbia.a
119,-129.375,53.0,British Columbia.a
120,-129.375,52.5,British Columbia.a
121,-129.375,52.0,British Columbia.a
122,-129.375,51.5,British Columbia.a
123,-129.375,50.5,British Columbia.a
124,-128.75,59.5,British Columbia.a
125,-128.75,59.0,British Columbia.a
126,-128.75,58.5,British Columbia.a
127,-128.75,58.0,British Columbia.a
128,-128.75,57.5,British Columbia.a
129,-128.75,57.0,British Columbia.a
130,-128.75,56.5,British Columbia.a
131,-128.75,56.0,British Columbia.a
132,-128.75,55.5,British Columbia.a
133,-128.75,55.0,British Columbia.a
134,-128.75,54.5,British Columbia.a
135,-128.75,54.0,British Columbia.a
136,-128.75,53.5,British Columbia.a
137,-128.75,53.0,British Columbia.a
138,-128.75,52.5,British Columbia.a
139,-128.75,52.0,British Columbia.a
140,-128.75,51.5,British Columbia.a
141,-128.75,51.0,British Columbia.a
142,-128.75,50.5,British Columbia.a
143,-128.75,50.0,British Columbia.a
144,-128.125,59.5,British Columbia.a
145,-128.125,59.0,British Columbia.a
146,-128.125,58.5,British Columbia.a
147,-128.125,58.0,British Columbia.a
148,-128.125,57.5,British Columbia.a
149,-128.125,57.0,British Columbia.a
150,-128.125,56.5,British Columbia.a
151,-128.125,56.0,British Columbia.a
152,-128.125,55.5,British Columbia.a
153,-128.125,55.0,British Columbia.a
154,-128.125,54.5,British Columbia.a
155,-128.125,54.0,British Columbia.a
156,-128.125,53.5,British Columbia.a
157,-128.125,53.0,British Columbia.a
158,-128.125,52.5,British Columbia.a
159,-128.125,52.0,British Columbia.a
160,-128.125,51.5,British Columbia.a
161,-128.125,51.0,British Columbia.a
162,-128.125,50.5,British Columbia.a
163,-128.125,50.0,British Columbia.a
164,-127.5,59.5,British Columbia.a
165,-127.5,59.0,British Columbia.a
166,-127.5,58.5,British Columbia.a
167,-127.5,58.0,British Columbia.a
168,-127.5,57.5,British Columbia.a
169,-127.5,57.0,British Columbia.a
170,-127.5,56.5,British Columbia.a
171,-127.5,56.0,British Columbia.a
172,-127.5,55.5,British Columbia.a
173,-127.5,55.0,British Columbia.a
174,-127.5,54.5,British Columbia.a
175,-127.5,54.0,British Columbia.a
176,-127.5,53.5,British Columbia.a
177,-127.5,53.0,British Columbia.a
178,-127.5,52.5,British Columbia.a
179,-127.5,52.0,British Columbia.a
180,-127.5,51.5,British Columbia.a
181,-127.5,51.0,British Columbia.a
182,-127.5,50.5,British Columbia.a
183,-127.5,50.0,British Columbia.a
184,-127.5,49.5,British Columbia.a
185,-126.875,59.5,British Columbia.a
186,-126.875,59.0,British Columbia.a
187,-126.875,58.5,British Columbia.a
188,-126.875,58.0,British Columbia.a
189,-126.875,57.5,British Columbia.a
190,-126.875,57.0,British Columbia.a
191,-126.875,56.5,British Columbia.a
192,-126.875,56.0,British Columbia.a
193,-126.875,55.5,British Columbia.a
194,-126.875,55.0,British Columbia.a
195,-126.875,54.5,British Columbia.a
196,-126.875,54.0,British Columbia.a
197,-126.875,53.5,British Columbia.a
198,-126.875,53.0,British Columbia.a
199,-126.875,52.5,British Columbia.a
200,-126.875,52.0,British Columbia.a
201,-126.875,51.5,British Columbia.a
202,-126.875,51.0,British Columbia.a
203,-126.875,50.5,British Columbia.a
204,-126.875,50.0,British Columbia.a
205,-126.875,49.5,British Columbia.a
206,-126.875,49.0,British Columbia.a
207,-126.25,59.5,British Columbia.a
208,-126.25,59.0,British Columbia.a
209,-126.25,58.5,British Columbia.a
210,-126.25,58.0,British Columbia.a
211,-126.25,57.5,British Columbia.a
212,-126.25,57.0,British Columbia.a
213,-126.25,56.5,British Columbia.a
214,-126.25,56.0,British Columbia.a
215,-126.25,55.5,British Columbia.a
216,-126.25,55.0,British Columbia.a
217,-126.25,54.5,British Columbia.a
218,-126.25,54.0,British Columbia.a
219,-126.25,53.5,British Columbia.a
220,-126.25,53.0,British Columbia.a
221,-126.25,52.5,British Columbia.a
222,-126.25,52.0,British Columbia.a
223,-126.25,51.5,British Columbia.a
224,-126.25,51.0,British Columbia.a
225,-126.25,50.5,British Columbia.a
226,-126.25,50.0,British Columbia.a
227,-126.25,49.5,British Columbia.a
228,-126.25,49.0,British Columbia.a
229,-126.25,48.5,British Columbia.a
230,-125.625,59.5,British Columbia.a
231,-125.625,59.0,British Columbia.a
232,-125.625,58.5,British Columbia.a
233,-125.625,58.0,British Columbia.a
234,-125.625,57.5,British Columbia.a
235,-125.625,57.0,British Columbia.a
236,-125.625,56.5,British Columbia.a
237,-125.625,56.0,British Columbia.a
238,-125.625,55.5,British Columbia.a
239,-125.625,55.0,British Columbia.a
240,-125.625,54.5,British Columbia.a
241,-125.625,54.0,British Columbia.a
242,-125.625,53.5,British Columbia.a
243,-125.625,53.0,British Columbia.a
244,-125.625,52.5,British Columbia.a
245,-125.625,52.0,British Columbia.a
246,-125.625,51.5,British Columbia.a
247,-125.625,51.0,British Columbia.a
248,-125.625,50.5,British Columbia.a
249,-125.625,50.0,British Columbia.a
250,-125.625,49.5,British Columbia.a
251,-125.625,49.0,British Columbia.a
252,-125.625,48.5,British Columbia.a
253,-125.0,59.5,British Columbia.a
254,-125.0,59.0,British Columbia.a
255,-125.0,58.5,British Columbia.a
256,-125.0,58.0,British Columbia.a
257,-125.0,57.5,British Columbia.a
258,-125.0,57.0,British Columbia.a
259,-125.0,56.5,British Columbia.a
260,-125.0,56.0,British Columbia.a
261,-125.0,55.5,British Columbia.a
262,-125.0,55.0,British Columbia.a
263,-125.0,54.5,British Columbia.a
264,-125.0,54.0,British Columbia.a
265,-125.0,53.5,British Columbia.a
266,-125.0,53.0,British Columbia.a
267,-125.0,52.5,British Columbia.a
268,-125.0,52.0,British Columbia.a
269,-125.0,51.5,British Columbia.a
270,-125.0,51.0,British Columbia.a
271,-125.0,50.5,British Columbia.a
272,-125.0,50.0,British Columbia.a
273,-125.0,49.5,British Columbia.a
274,-125.0,49.0,British Columbia.a
275,-125.0,48.5,British Columbia.a
276,-125.0,48.0,British Columbia.a
277,-124.375,59.5,British Columbia.a
278,-124.375,59.0,British Columbia.a
279,-124.375,58.5,British Columbia.a
280,-124.375,58.0,British Columbia.a
281,-124.375,57.5,British Columbia.a
282,-124.375,57.0,British Columbia.a
283,-124.375,56.5,British Columbia.a
284,-124.375,56.0,British Columbia.a
285,-124.375,55.5,British Columbia.a
286,-124.375,55.0,British Columbia.a
287,-124.375,54.5,British Columbia.a
288,-124.375,54.0,British Columbia.a
289,-124.375,53.5,British Columbia.a
290,-124.375,53.0,British Columbia.a
291,-124.375,52.5,British Columbia.a
292,-124.375,52.0,British Columbia.a
293,-124.375,51.5,British Columbia.a
294,-124.375,51.0,British Columbia.a
295,-124.375,50.5,British Columbia.a
296,-124.375,50.0,British Columbia.a
297,-124.375,49.5,British Columbia.a
298,-124.375,49.0,British Columbia.a
299,-124.375,48.5,British Columbia.a
300,-124.375,48.0,British Columbia.a
301,-123.75,59.5,British Columbia.a
302,-123.75,59.0,British Columbia.a
303,-123.75,58.5,British Columbia.a
304,-123.75,58.0,British Columbia.a
305,-123.75,57.5,British Columbia.a
306,-123.75,57.0,British Columbia.a
307,-123.75,56.5,British Columbia.a
308,-123.75,56.0,British Columbia.a
309,-123.75,55.5,British Columbia.a
310,-123.75,55.0,British Columbia.a
311,-123.75,54.5,British Columbia.a
312,-123.75,54.0,British Columbia.a
313,-123.75,53.5,British Columbia.a
314,-123.75,53.0,British Columbia.a
315,-123.75,52.5,British Columbia.a
316,-123.75,52.0,British Columbia.a
317,-123.75,51.5,British Columbia.a
318,-123.75,51.0,British Columbia.a
319,-123.75,50.5,British Columbia.a
320,-123.75,50.0,British Columbia.a
321,-123.75,49.5,British Columbia.a
322,-123.75,49.0,British Columbia.a
323,-123.75,48.5,British Columbia.a
324,-123.75,48.0,British Columbia.a
325,-123.125,59.5,British Columbia.a
326,-123.125,59.0,British Columbia.a
327,-123.125,58.5,British Columbia.a
328,-123.125,58.0,British Columbia.a
329,-123.125,57.5,British Columbia.a
330,-123.125,57.0,British Columbia.a
331,-123.125,56.5,British Columbia.a
332,-123.125,56.0,British Columbia.a
333,-123.125,55.5,British Columbia.a
334,-123.125,55.0,British Columbia.a
335,-123.125,54.5,British Columbia.a
336,-123.125,54.0,British Columbia.a
337,-123.125,53.5,British Columbia.a
338,-123.125,53.0,British Columbia.a
339,-123.125,52.5,British Columbia.a
340,-123.125,52.0,British Columbia.a
341,-123.125,51.5,British Columbia.a
342,-123.125,51.0,British Columbia.a
343,-123.125,50.5,British Columbia.a
344,-123.125,50.0,British Columbia.a
345,-123.125,49.5,British Columbia.a
346,-123.125,49.0,British Columbia.a
347,-123.125,48.5,British Columbia.a
348,-122.5,59.5,British Columbia.a
349,-122.5,59.0,British Columbia.a
350,-122.5,58.5,British Columbia.a
351,-122.5,58.0,British Columbia.a
352,-122.5,57.5,British Columbia.a
353,-122.5,57.0,British Columbia.a
354,-122.5,56.5,British Columbia.a
355,-122.5,56.0,British Columbia.a
356,-122.5,55.5,British Columbia.a
357,-122.5,55.0,British Columbia.a
358,-122.5,54.5,British Columbia.a
359,-122.5,54.0,British Columbia.a
360,-122.5,53.5,British Columbia.a
361,-122.5,53.0,British Columbia.a
362,-122.5,52.5,British Columbia.a
363,-122.5,52.0,British Columbia.a
364,-122.5,51.5,British Columbia.a
365,-122.5,51.0,British Columbia.a
366,-122.5,50.5,British Columbia.a
367,-122.5,50.0,British Columbia.a
368,-122.5,49.5,British Columbia.a
369,-122.5,49.0,British Columbia.a
370,-121.875,59.5,British Columbia.a
371,-121.875,59.0,British Columbia.a
372,-121.875,58.5,British Columbia.a
373,-121.875,58.0,British Columbia.a
374,-121.875,57.5,British Columbia.a
375,-121.875,57.0,British Columbia.a
376,-121.875,56.5,British Columbia.a
377,-121.875,56.0,British Columbia.a
378,-121.875,55.5,British Columbia.a
379,-121.875,55.0,British Columbia.a
380,-121.875,54.5,British Columbia.a
381,-121.875,54.0,British Columbia.a
382,-121.875,53.5,British Columbia.a
383,-121.875,53.0,British Columbia.a
384,-121.875,52.5,British Columbia.a
385,-121.875,52.0,British Columbia.a
386,-121.875,51.5,British Columbia.a
387,-121.875,51.0,British Columbia.a
388,-121.875,50.5,British Columbia.a
389,-121.875,50.0,British Columbia.a
390,-121.875,49.5,British Columbia.a
391,-121.875,49.0,British Columbia.a
392,-121.25,59.5,British Columbia.a
393,-121.25,59.0,British Columbia.a
394,-121.25,58.5,British Columbia.a
395,-121.25,58.0,British Columbia.a
396,-121.25,57.5,British Columbia.a
397,-121.25,57.0,British Columbia.a
398,-121.25,56.5,British Columbia.a
399,-121.25,56.0,British Columbia.a
400,-121.25,55.5,British Columbia.a
401,-121.25,55.0,British Columbia.a
402,-121.25,54.5,British Columbia.a
403,-121.25,54.0,British Columbia.a
404,-121.25,53.5,British Columbia.a
405,-121.25,53.0,British Columbia.a
406,-121.25,52.5,British Columbia.a
407,-121.25,52.0,British Columbia.a
408,-121.25,51.5,British Columbia.a
409,-121.25,51.0,British Columbia.a
410,-121.25,50.5,British Columbia.a
411,-121.25,50.0,British Columbia.a
412,-121.25,49.5,British Columbia.a
413,-121.25,49.0,British Columbia.a
414,-120.625,59.5,British Columbia.a
415,-120.625,59.0,British Columbia.a
416,-120.625,58.5,British Columbia.a
417,-120.625,58.0,British Columbia.a
418,-120.625,57.5,British Columbia.a
419,-120.625,57.0,British Columbia.a
420,-120.625,56.5,British Columbia.a
421,-120.625,56.0,British Columbia.a
422,-120.625,55.5,British Columbia.a
423,-120.625,55.0,British Columbia.a
424,-120.625,54.5,British Columbia.a
425,-120.625,54.0,British Columbia.a
426,-120.625,53.5,British Columbia.a
427,-120.625,53.0,British Columbia.a
428,-120.625,52.5,British Columbia.a
429,-120.625,52.0,British Columbia.a
430,-120.625,51.5,British Columbia.a
431,-120.625,51.0,British Columbia.a
432,-120.625,50.5,British Columbia.a
433,-120.625,50.0,British Columbia.a
434,-120.625,49.5,British Columbia.a
435,-120.625,49.0,British Columbia.a
436,-120.0,59.5,Alberta.a
437,-120.0,59.0,Alberta.a
438,-120.0,58.5,Alberta.a
439,-120.0,58.0,Alberta.a
440,-120.0,57.5,Alberta.a
441,-120.0,57.0,Alberta.a
442,-120.0,56.5,Alberta.a
443,-120.0,56.0,Alberta.a
444,-120.0,55.5,Alberta.a
445,-120.0,55.0,Alberta.a
446,-120.0,54.5,Alberta.a
447,-120.0,54.0,Alberta.a
448,-120.0,53.5,Alberta.a
449,-120.0,53.0,British Columbia.a
450,-120.0,52.5,British Columbia.a
451,-120.0,52.0,British Columbia.a
452,-120.0,51.5,British Columbia.a
453,-120.0,51.0,British Columbia.a
454,-120.0,50.5,British Columbia.a
455,-120.0,50.0,British Columbia.a
456,-120.0,49.5,British Columbia.a
457,-120.0,49.0,British Columbia.a
458,-119.375,59.5,Alberta.a
459,-119.375,59.0,Alberta.a
460,-119.375,58.5,Alberta.a
461,-119.375,58.0,Alberta.a
462,-119.375,57.5,Alberta.a
463,-119.375,57.0,Alberta.a
464,-119.375,56.5,Alberta.a
465,-119.375,56.0,Alberta.a
466,-119.375,55.5,Alberta.a
467,-119.375,55.0,Alberta.a
468,-119.375,54.5,Alberta.a
469,-119.375,54.0,Alberta.a
470,-119.375,53.5,Alberta.a
471,-119.375,53.0,British Columbia.a
472,-119.375,52.5,British Columbia.a
473,-119.375,52.0,British Columbia.a
474,-119.375,51.5,British Columbia.a
475,-119.375,51.0,British Columbia.a
476,-119.375,50.5,British Columbia.a
477,-119.375,50.0,British Columbia.a
478,-119.375,49.5,British Columbia.a
479,-119.375,49.0,British Columbia.a
480,-118.75,59.5,Alberta.a
481,-118.75,59.0,Alberta.a
482,-118.75,58.5,Alberta.a
483,-118.75,58.0,Alberta.a
484,-118.75,57.5,Alberta.a
485,-118.75,57.0,Alberta.a
486,-118.75,56.5,Alberta.a
487,-118.75,56.0,Alberta.a
488,-118.75,55.5,Alberta.a
489,-118.75,55.0,Alberta.a
490,-118.75,54.5,Alberta.a
491,-118.75,54.0,Alberta.a
492,-118.75,53.5,Alberta.a
493,-118.75,53.0,British Columbia.a
494,-118.75,52.5,British Columbia.a
495,-118.75,52.0,British Columbia.a
496,-118.75,51.5,British Columbia.a
497,-118.75,51.0,British Columbia.a
498,-118.75,50.5,British Columbia.a
499,-118.75,50.0,British Columbia.a
500,-118.75,49.5,British Columbia.a
501,-118.75,49.0,British Columbia.a
502,-118.125,59.5,Alberta.a
503,-118.125,59.0,Alberta.a
504,-118.125,58.5,Alberta.a
505,-118.125,58.0,Alberta.a
506,-118.125,57.5,Alberta.a
507,-118.125,57.0,Alberta.a
508,-118.125,56.5,Alberta.a
509,-118.125,56.0,Alberta.a
510,-118.125,55.5,Alberta.a
511,-118.125,55.0,Alberta.a
512,-118.125,54.5,Alberta.a
513,-118.125,54.0,Alberta.a
514,-118.125,53.5,Alberta.a
515,-118.125,53.0,Alberta.a
516,-118.125,52.5,Alberta.a
517,-118.125,52.0,British Columbia.a
518,-118.125,51.5,British Columbia.a
519,-118.125,51.0,British Columbia.a
520,-118.125,50.5,British Columbia.a
521,-118.125,50.0,British Columbia.a
522,-118.125,49.5,British Columbia.a
523,-118.125,49.0,British Columbia.a
524,-117.5,59.5,Alberta.a
525,-117.5,59.0,Alberta.a
526,-117.5,58.5,Alberta.a
527,-117.5,58.0,Alberta.a
528,-117.5,57.5,Alberta.a
529,-117.5,57.0,Alberta.a
530,-117.5,56.5,Alberta.a
531,-117.5,56.0,Alberta.a
532,-117.5,55.5,Alberta.a
533,-117.5,55.0,Alberta.a
534,-117.5,54.5,Alberta.a
535,-117.5,54.0,Alberta.a
536,-117.5,53.5,Alberta.a
537,-117.5,53.0,Alberta.a
538,-117.5,52.5,Alberta.a
539,-117.5,52.0,British Columbia.a
540,-117.5,51.5,British Columbia.a
541,-117.5,51.0,British Columbia.a
542,-117.5,50.5,British Columbia.a
543,-117.5,50.0,British Columbia.a
544,-117.5,49.5,British Columbia.a
545,-117.5,49.0,British Columbia.a
546,-116.875,59.5,Alberta.a
547,-116.875,59.0,Alberta.a
548,-116.875,58.5,Alberta.a
549,-116.875,58.0,Alberta.a
550,-116.875,57.5,Alberta.a
551,-116.875,57.0,Alberta.a
552,-116.875,56.5,Alberta.a
553,-116.875,56.0,Alberta.a
554,-116.875,55.5,Alberta.a
555,-116.875,55.0,Alberta.a
556,-116.875,54.5,Alberta.a
557,-116.875,54.0,Alberta.a
558,-116.875,53.5,Alberta.a
559,-116.875,53.0,Alberta.a
560,-116.875,52.5,Alberta.a
561,-116.875,52.0,Alberta.a
562,-116.875,51.5,Alberta.a
563,-116.875,51.0,British Columbia.a
564,-116.875,50.5,British Columbia.a
565,-116.875,50.0,British Columbia.a
566,-116.875,49.5,British Columbia.a
567,-116.875,49.0,British Columbia.a
568,-116.25,59.5,Alberta.a
569,-116.25,59.0,Alberta.a
570,-116.25,58.5,Alberta.a
571,-116.25,58.0,Alberta.a
572,-116.25,57.5,Alberta.a
573,-116.25,57.0,Alberta.a
574,-116.25,56.5,Alberta.a
575,-116.25,56.0,Alberta.a
576,-116.25,55.5,Alberta.a
577,-116.25,55.0,Alberta.a
578,-116.25,54.5,Alberta.a
579,-116.25,54.0,Alberta.a
580,-116.25,53.5,Alberta.a
581,-116.25,53.0,Alberta.a
582,-116.25,52.5,Alberta.a
583,-116.25,52.0,Alberta.a
584,-116.25,51.5,Alberta.a
585,-116.25,51.0,Alberta.a
586,-116.25,50.5,British Columbia.a
587,-116.25,50.0,British Columbia.a
588,-116.25,49.5,British Columbia.a
589,-116.25,49.0,British Columbia.a
590,-115.625,59.5,Alberta.a
591,-115.625,59.0,Alberta.a
592,-115.625,58.5,Alberta.a
593,-115.625,58.0,Alberta.a
594,-115.625,57.5,Alberta.a
595,-115.625,57.0,Alberta.a
596,-115.625,56.5,Alberta.a
597,-115.625,56.0,Alberta.a
598,-115.625,55.5,Alberta.a
599,-115.625,55.0,Alberta.a
600,-115.625,54.5,Alberta.a
601,-115.625,54.0,Alberta.a
602,-115.625,53.5,Alberta.a
603,-115.625,53.0,Alberta.a
604,-115.625,52.5,Alberta.a
605,-115.625,52.0,Alberta.a
606,-115.625,51.5,Alberta.a
607,-115.625,51.0,Alberta.a
608,-115.625,50.5,Alberta.a
609,-115.625,50.0,British Columbia.a
610,-115.625,49.5,British Columbia.a
611,-115.625,49.0,British Columbia.a
612,-115.0,59.5,Alberta.a
613,-115.0,59.0,Alberta.a
614,-115.0,58.5,Alberta.a
615,-115.0,58.0,Alberta.a
616,-115.0,57.5,Alberta.a
617,-115.0,57.0,Alberta.a
618,-115.0,56.5,Alberta.a
619,-115.0,56.0,Alberta.a
620,-115.0,55.5,Alberta.a
621,-115.0,55.0,Alberta.a
622,-115.0,54.5,Alberta.a
623,-115.0,54.0,Alberta.a
624,-115.0,53.5,Alberta.a
625,-115.0,53.0,Alberta.a
626,-115.0,52.5,Alberta.a
627,-115.0,52.0,Alberta.a
628,-115.0,51.5,Alberta.a
629,-115.0,51.0,Alberta.a
630,-115.0,50.5,Alberta.a
631,-115.0,50.0,Alberta.a
632,-115.0,49.5,Alberta.a
633,-115.0,49.0,British Columbia.a
634,-114.375,59.5,Alberta.a
635,-114.375,59.0,Alberta.a
636,-114.375,58.5,Alberta.a
637,-114.375,58.0,Alberta.a
638,-114.375,57.5,Alberta.a
639,-114.375,57.0,Alberta.a
640,-114.375,56.5,Alberta.a
641,-114.375,56.0,Alberta.a
642,-114.375,55.5,Alberta.a
643,-114.375,55.0,Alberta.a
644,-114.375,54.5,Alberta.a
645,-114.375,54.0,Alberta.a
646,-114.375,53.5,Alberta.a
647,-114.375,53.0,Alberta.a
648,-114.375,52.5,Alberta.a
649,-114.375,52.0,Alberta.a
650,-114.375,51.5,Alberta.a
651,-114.375,51.0,Alberta.a
652,-114.375,50.5,Alberta.a
653,-114.375,50.0,Alberta.a
654,-114.375,49.5,Alberta.a
655,-114.375,49.0,Alberta.a
656,-113.75,59.5,Alberta.a
657,-113.75,59.0,Alberta.a
658,-113.75,58.5,Alberta.a
659,-113.75,58.0,Alberta.a
660,-113.75,57.5,Alberta.a
661,-113.75,57.0,Alberta.a
662,-113.75,56.5,Alberta.a
663,-113.75,56.0,Alberta.a
664,-113.75,55.5,Alberta.a
665,-113.75,55.0,Alberta.a
666,-113.75,54.5,Alberta.a
667,-113.75,54.0,Alberta.a
668,-113.75,53.5,Alberta.a
669,-113.75,53.0,Alberta.a
670,-113.75,52.5,Alberta.a
671,-113.75,52.0,Alberta.a
672,-113.75,51.5,Alberta.a
673,-113.75,51.0,Alberta.a
674,-113.75,50.5,Alberta.a
675,-113.75,50.0,Alberta.a
676,-113.75,49.5,Alberta.a
677,-113.75,49.0,Alberta.a
678,-113.125,59.5,Alberta.a
679,-113.125,59.0,Alberta.a
680,-113.125,58.5,Alberta.a
681,-113.125,58.0,Alberta.a
682,-113.125,57.5,Alberta.a
683,-113.125,57.0,Alberta.a
684,-113.125,56.5,Alberta.a
685,-113.125,56.0,Alberta.a
686,-113.125,55.5,Alberta.a
687,-113.125,55.0,Alberta.a
688,-113.125,54.5,Alberta.a
689,-113.125,54.0,Alberta.a
690,-113.125,53.5,Alberta.a
691,-113.125,53.0,Alberta.a
692,-113.125,52.5,Alberta.a
693,-113.125,52.0,Alberta.a
694,-113.125,51.5,Alberta.a
695,-113.125,51.0,Alberta.a
696,-113.125,50.5,Alberta.a
697,-113.125,50.0,Alberta.a
698,-113.125,49.5,Alberta.a
699,-113.125,49.0,Alberta.a
700,-112.5,59.5,Alberta.a
701,-112.5,59.0,Alberta.a
702,-112.5,58.5,Alberta.a
703,-112.5,58.0,Alberta.a
704,-112.5,57.5,Alberta.a
705,-112.5,57.0,Alberta.a
706,-112.5,56.5,Alberta.a
707,-112.5,56.0,Alberta.a
708,-112.5,55.5,Alberta.a
709,-112.5,55.0,Alberta.a
710,-112.5,54.5,Alberta.a
711,-112.5,54.0,Alberta.a
712,-112.5,53.5,Alberta.a
713,-112.5,53.0,Alberta.a
714,-112.5,52.5,Alberta.a
715,-112.5,52.0,Alberta.a
716,-112.5,51.5,Alberta.a
717,-112.5,51.0,Alberta.a
718,-112.5,50.5,Alberta.a
719,-112.5,50.0,Alberta.a
720,-112.5,49.5,Alberta.a
721,-112.5,49.0,Alberta.a
722,-111.875,59.5,Alberta.a
723,-111.875,59.0,Alberta.a
724,-111.875,58.5,Alberta.a
725,-111.875,58.0,Alberta.a
726,-111.875,57.5,Alberta.a
727,-111.875,57.0,Alberta.a
728,-111.875,56.5,Alberta.a
729,-111.875,56.0,Alberta.a
730,-111.875,55.5,Alberta.a
731,-111.875,55.0,Alberta.a
732,-111.875,54.5,Alberta.a
733,-111.875,54.0,Alberta.a
734,-111.875,53.5,Alberta.a
735,-111.875,53.0,Alberta.a
736,-111.875,52.5,Alberta.a
737,-111.875,52.0,Alberta.a
738,-111.875,51.5,Alberta.a
739,-111.875,51.0,Alberta.a
740,-111.875,50.5,Alberta.a
741,-111.875,50.0,Alberta.a
742,-111.875,49.5,Alberta.a
743,-111.875,49.0,Alberta.a
744,-111.25,59.5,Alberta.a
745,-111.25,59.0,Alberta.a
746,-111.25,58.5,Alberta.a
747,-111.25,58.0,Alberta.a
748,-111.25,57.5,Alberta.a
749,-111.25,57.0,Alberta.a
750,-111.25,56.5,Alberta.a
751,-111.25,56.0,Alberta.a
752,-111.25,55.5,Alberta.a
753,-111.25,55.0,Alberta.a
754,-111.25,54.5,Alberta.a
755,-111.25,54.0,Alberta.a
756,-111.25,53.5,Alberta.a
757,-111.25,53.0,Alberta.a
758,-111.25,52.5,Alberta.a
759,-111.25,52.0,Alberta.a
760,-111.25,51.5,Alberta.a
761,-111.25,51.0,Alberta.a
762,-111.25,50.5,Alberta.a
763,-111.25,50.0,Alberta.a
764,-111.25,49.5,Alberta.a
765,-111.25,49.0,Alberta.a
766,-110.625,59.5,Alberta.a
767,-110.625,59.0,Alberta.a
768,-110.625,58.5,Alberta.a
769,-110.625,58.0,Alberta.a
770,-110.625,57.5,Alberta.a
771,-110.625,57.0,Alberta.a
772,-110.625,56.5,Alberta.a
773,-110.625,56.0,Alberta.a
774,-110.625,55.5,Alberta.a
775,-110.625,55.0,Alberta.a
776,-110.625,54.5,Alberta.a
777,-110.625,54.0,Alberta.a
778,-110.625,53.5,Alberta.a
779,-110.625,53.0,Alberta.a
780,-110.625,52.5,Alberta.a
781,-110.625,52.0,Alberta.a
782,-110.625,51.5,Alberta.a
783,-110.625,51.0,Alberta.a
784,-110.625,50.5,Alberta.a
785,-110.625,50.0,Alberta.a
786,-110.625,49.5,Alberta.a
787,-110.625,49.0,Alberta.a
788,-110.0,59.5,Saskatchewan.a
789,-110.0,59.0,Saskatchewan.a
790,-110.0,58.5,Saskatchewan.a
791,-110.0,58.0,Saskatchewan.a
792,-110.0,57.5,Saskatchewan.a
793,-110.0,57.0,Saskatchewan.a
794,-110.0,56.5,Saskatchewan.a
795,-110.0,56.0,Saskatchewan.a
796,-110.0,55.5,Saskatchewan.a
797,-110.0,55.0,Saskatchewan.a
798,-110.0,54.5,Saskatchewan.a
799,-110.0,54.0,Saskatchewan.a
800,-110.0,53.5,Saskatchewan.a
801,-110.0,53.0,Saskatchewan.a
802,-110.0,52.5,Saskatchewan.a
803,-110.0,52.0,Saskatchewan.a
804,-110.0,51.5,Saskatchewan.a
805,-110.0,51.0,Saskatchewan.a
806,-110.0,50.5,Saskatchewan.a
807,-110.0,50.0,Saskatchewan.a
808,-110.0,49.5,Saskatchewan.a
809,-110.0,49.0,Saskatchewan.a
810,-109.375,59.5,Saskatchewan.a
811,-109.375,59.0,Saskatchewan.a
812,-109.375,58.5,Saskatchewan.a
813,-109.375,58.0,Saskatchewan.a
814,-109.375,57.5,Saskatchewan.a
815,-109.375,57.0,Saskatchewan.a
816,-109.375,56.5,Saskatchewan.a
817,-109.375,56.0,Saskatchewan.a
818,-109.375,55.5,Saskatchewan.a
819,-109.375,55.0,Saskatchewan.a
820,-109.375,54.5,Saskatchewan.a
821,-109.375,54.0,Saskatchewan.a
822,-109.375,53.5,Saskatchewan.a
823,-109.375,53.0,Saskatchewan.a
824,-109.375,52.5,Saskatchewan.a
825,-109.375,52.0,Saskatchewan.a
826,-109.375,51.5,Saskatchewan.a
827,-109.375,51.0,Saskatchewan.a
828,-109.375,50.5,Saskatchewan.a
829,-109.375,50.0,Saskatchewan.a
830,-109.375,49.5,Saskatchewan.a
831,-109.375,49.0,Saskatchewan.a
832,-108.75,59.5,Saskatchewan.a
833,-108.75,59.0,Saskatchewan.a
834,-108.75,58.5,Saskatchewan.a
835,-108.75,58.0,Saskatchewan.a
836,-108.75,57.5,Saskatchewan.a
837,-108.75,57.0,Saskatchewan.a
838,-108.75,56.5,Saskatchewan.a
839,-108.75,56.0,Saskatchewan.a
840,-108.75,55.5,Saskatchewan.a
841,-108.75,55.0,Saskatchewan.a
842,-108.75,54.5,Saskatchewan.a
843,-108.75,54.0,Saskatchewan.a
844,-108.75,53.5,Saskatchewan.a
845,-108.75,53.0,Saskatchewan.a
846,-108.75,52.5,Saskatchewan.a
847,-108.75,52.0,Saskatchewan.a
848,-108.75,51.5,Saskatchewan.a
849,-108.75,51.0,Saskatchewan.a
850,-108.75,50.5,Saskatchewan.a
851,-108.75,50.0,Saskatchewan.a
852,-108.75,49.5,Saskatchewan.a
853,-108.75,49.0,Saskatchewan.a
854,-108.125,59.5,Saskatchewan.a
855,-108.125,59.0,Saskatchewan.a
856,-108.125,58.5,Saskatchewan.a
857,-108.125,58.0,Saskatchewan.a
858,-108.125,57.5,Saskatchewan.a
859,-108.125,57.0,Saskatchewan.a
860,-108.125,56.5,Saskatchewan.a
861,-108.125,56.0,Saskatchewan.a
862,-108.125,55.5,Saskatchewan.a
863,-108.125,55.0,Saskatchewan.a
864,-108.125,54.5,Saskatchewan.a
865,-108.125,54.0,Saskatchewan.a
866,-108.125,53.5,Saskatchewan.a
867,-108.125,53.0,Saskatchewan.a
868,-108.125,52.5,Saskatchewan.a
869,-108.125,52.0,Saskatchewan.a
870,-108.125,51.5,Saskatchewan.a
871,-108.125,51.0,Saskatchewan.a
872,-108.125,50.5,Saskatchewan.a
873,-108.125,50.0,Saskatchewan.a
874,-108.125,49.5,Saskatchewan.a
875,-108.125,49.0,Saskatchewan.a
876,-107.5,59.5,Saskatchewan.a
877,-107.5,59.0,Saskatchewan.a
878,-107.5,58.5,Saskatchewan.a
879,-107.5,58.0,Saskatchewan.a
880,-107.5,57.5,Saskatchewan.a
881,-107.5,57.0,Saskatchewan.a
882,-107.5,56.5,Saskatchewan.a
883,-107.5,56.0,Saskatchewan.a
884,-107.5,55.5,Saskatchewan.a
885,-107.5,55.0,Saskatchewan.a
886,-107.5,54.5,Saskatchewan.a
887,-107.5,54.0,Saskatchewan.a
888,-107.5,53.5,Saskatchewan.a
889,-107.5,53.0,Saskatchewan.a
890,-107.5,52.5,Saskatchewan.a
891,-107.5,52.0,Saskatchewan.a
892,-107.5,51.5,Saskatchewan.a
893,-107.5,51.0,Saskatchewan.a
894,-107.5,50.5,Saskatchewan.a
895,-107.5,50.0,Saskatchewan.a
896,-107.5,49.5,Saskatchewan.a
897,-107.5,49.0,Saskatchewan.a
898,-106.875,59.5,Saskatchewan.a
899,-106.875,59.0,Saskatchewan.a
900,-106.875,58.5,Saskatchewan.a
901,-106.875,58.0,Saskatchewan.a
902,-106.875,57.5,Saskatchewan.a
903,-106.875,57.0,Saskatchewan.a
904,-106.875,56.5,Saskatchewan.a
905,-106.875,56.0,Saskatchewan.a
906,-106.875,55.5,Saskatchewan.a
907,-106.875,55.0,Saskatchewan.a
908,-106.875,54.5,Saskatchewan.a
909,-106.875,54.0,Saskatchewan.a
910,-106.875,53.5,Saskatchewan.a
911,-106.875,53.0,Saskatchewan.a
912,-106.875,52.5,Saskatchewan.a
913,-106.875,52.0,Saskatchewan.a
914,-106.875,51.5,Saskatchewan.a
915,-106.875,51.0,Saskatchewan.a
916,-106.875,50.5,Saskatchewan.a
917,-106.875,50.0,Saskatchewan.a
918,-106.875,49.5,Saskatchewan.a
919,-106.875,49.0,Saskatchewan.a
920,-106.25,59.5,Saskatchewan.a
921,-106.25,59.0,Saskatchewan.a
922,-106.25,58.5,Saskatchewan.a
923,-106.25,58.0,Saskatchewan.a
924,-106.25,57.5,Saskatchewan.a
925,-106.25,57.0,Saskatchewan.a
926,-106.25,56.5,Saskatchewan.a
927,-106.25,56.0,Saskatchewan.a
928,-106.25,55.5,Saskatchewan.a
929,-106.25,55.0,Saskatchewan.a
930,-106.25,54.5,Saskatchewan.a
931,-106.25,54.0,Saskatchewan.a
932,-106.25,53.5,Saskatchewan.a
933,-106.25,53.0,Saskatchewan.a
934,-106.25,52.5,Saskatchewan.a
935,-106.25,52.0,Saskatchewan.a
936,-106.25,51.5,Saskatchewan.a
937,-106.25,51.0,Saskatchewan.a
938,-106.25,50.5,Saskatchewan.a
939,-106.25,50.0,Saskatchewan.a
940,-106.25,49.5,Saskatchewan.a
941,-106.25,49.0,Saskatchewan.a
942,-105.625,59.5,Saskatchewan.a
943,-105.625,59.0,Saskatchewan.a
944,-105.625,58.5,Saskatchewan.a
945,-105.625,58.0,Saskatchewan.a
946,-105.625,57.5,Saskatchewan.a
947,-105.625,57.0,Saskatchewan.a
948,-105.625,56.5,Saskatchewan.a
949,-105.625,56.0,Saskatchewan.a
950,-105.625,55.5,Saskatchewan.a
951,-105.625,55.0,Saskatchewan.a
952,-105.625,54.5,Saskatchewan.a
953,-105.625,54.0,Saskatchewan.a
954,-105.625,53.5,Saskatchewan.a
955,-105.625,53.0,Saskatchewan.a
956,-105.625,52.5,Saskatchewan.a
957,-105.625,52.0,Saskatchewan.a
958,-105.625,51.5,Saskatchewan.a
959,-105.625,51.0,Saskatchewan.a
960,-105.625,50.5,Saskatchewan.a
961,-105.625,50.0,Saskatchewan.a
962,-105.625,49.5,Saskatchewan.a
963,-105.625,49.0,Saskatchewan.a
964,-105.0,59.5,Saskatchewan.a
965,-105.0,59.0,Saskatchewan.a
966,-105.0,58.5,Saskatchewan.a
967,-105.0,58.0,Saskatchewan.a
968,-105.0,57.5,Saskatchewan.a
969,-105.0,57.0,Saskatchewan.a
970,-105.0,56.5,Saskatchewan.a
971,-105.0,56.0,Saskatchewan.a
972,-105.0,55.5,Saskatchewan.a
973,-105.0,55.0,Saskatchewan.a
974,-105.0,54.5,Saskatchewan.a
975,-105.0,54.0,Saskatchewan.a
976,-105.0,53.5,Saskatchewan.a
977,-105.0,53.0,Saskatchewan.a
978,-105.0,52.5,Saskatchewan.a
979,-105.0,52.0,Saskatchewan.a
980,-105.0,51.5,Saskatchewan.a
981,-105.0,51.0,Saskatchewan.a
982,-105.0,50.5,Saskatchewan.a
983,-105.0,50.0,Saskatchewan.a
984,-105.0,49.5,Saskatchewan.a
985,-105.0,49.0,Saskatchewan.a
986,-104.375,59.5,Saskatchewan.a
987,-104.375,59.0,Saskatchewan.a
988,-104.375,58.5,Saskatchewan.a
989,-104.375,58.0,Saskatchewan.a
990,-104.375,57.5,Saskatchewan.a
991,-104.375,57.0,Saskatchewan.a
992,-104.375,56.5,Saskatchewan.a
993,-104.375,56.0,Saskatchewan.a
994,-104.375,55.5,Saskatchewan.a
995,-104.375,55.0,Saskatchewan.a
996,-104.375,54.5,Saskatchewan.a
997,-104.375,54.0,Saskatchewan.a
998,-104.375,53.5,Saskatchewan.a
999,-104.375,53.0,Saskatchewan.a
1000,-104.375,52.5,Saskatchewan.a
1001,-104.375,52.0,Saskatchewan.a
1002,-104.375,51.5,Saskatchewan.a
1003,-104.375,51.0,Saskatchewan.a
1004,-104.375,50.5,Saskatchewan.a
1005,-104.375,50.0,Saskatchewan.a
1006,-104.375,49.5,Saskatchewan.a
1007,-104.375,49.0,Saskatchewan.a
1008,-103.75,59.5,Saskatchewan.a
1009,-103.75,59.0,Saskatchewan.a
1010,-103.75,58.5,Saskatchewan.a
1011,-103.75,58.0,Saskatchewan.a
1012,-103.75,57.5,Saskatchewan.a
1013,-103.75,57.0,Saskatchewan.a
1014,-103.75,56.5,Saskatchewan.a
1015,-103.75,56.0,Saskatchewan.a
1016,-103.75,55.5,Saskatchewan.a
1017,-103.75,55.0,Saskatchewan.a
1018,-103.75,54.5,Saskatchewan.a
1019,-103.75,54.0,Saskatchewan.a
1020,-103.75,53.5,Saskatchewan.a
1021,-103.75,53.0,Saskatchewan.a
1022,-103.75,52.5,Saskatchewan.a
1023,-103.75,52.0,Saskatchewan.a
1024,-103.75,51.5,Saskatchewan.a
1025,-103.75,51.0,Saskatchewan.a
1026,-103.75,50.5,Saskatchewan.a
1027,-103.75,50.0,Saskatchewan.a
1028,-103.75,49.5,Saskatchewan.a
1029,-103.75,49.0,Saskatchewan.a
1030,-103.125,59.5,Saskatchewan.a
1031,-103.125,59.0,Saskatchewan.a
1032,-103.125,58.5,Saskatchewan.a
1033,-103.125,58.0,Saskatchewan.a
1034,-103.125,57.5,Saskatchewan.a
1035,-103.125,57.0,Saskatchewan.a
1036,-103.125,56.5,Saskatchewan.a
1037,-103.125,56.0,Saskatchewan.a
1038,-103.125,55.5,Saskatchewan.a
1039,-103.125,55.0,Saskatchewan.a
1040,-103.125,54.5,Saskatchewan.a
1041,-103.125,54.0,Saskatchewan.a
1042,-103.125,53.5,Saskatchewan.a
1043,-103.125,53.0,Saskatchewan.a
1044,-103.125,52.5,Saskatchewan.a
1045,-103.125,52.0,Saskatchewan.a
1046,-103.125,51.5,Saskatchewan.a
1047,-103.125,51.0,Saskatchewan.a
1048,-103.125,50.5,Saskatchewan.a
1049,-103.125,50.0,Saskatchewan.a
1050,-103.125,49.5,Saskatchewan.a
1051,-103.125,49.0,Saskatchewan.a
1052,-102.5,59.5,Saskatchewan.a
1053,-102.5,59.0,Saskatchewan.a
1054,-102.5,58.5,Saskatchewan.a
1055,-102.5,58.0,Saskatchewan.a
1056,-102.5,57.5,Saskatchewan.a
1057,-102.5,57.0,Saskatchewan.a
1058,-102.5,56.5,Saskatchewan.a
1059,-102.5,56.0,Saskatchewan.a
1060,-102.5,55.5,Saskatchewan.a
1061,-102.5,55.0,Saskatchewan.a
1062,-102.5,54.5,Saskatchewan.a
1063,-102.5,54.0,Saskatchewan.a
1064,-102.5,53.5,Saskatchewan.a
1065,-102.5,53.0,Saskatchewan.a
1066,-102.5,52.5,Saskatchewan.a
1067,-102.5,52.0,Saskatchewan.a
1068,-102.5,51.5,Saskatchewan.a
1069,-102.5,51.0,Saskatchewan.a
1070,-102.5,50.5,Saskatchewan.a
1071,-102.5,50.0,Saskatchewan.a
1072,-102.5,49.5,Saskatchewan.a
1073,-102.5,49.0,Saskatchewan.a
1074,-101.875,59.5,Manitoba.a
1075,-101.875,59.0,Manitoba.a
1076,-101.875,58.5,Manitoba.a
1077,-101.875,58.0,Manitoba.a
1078,-101.875,57.5,Manitoba.a
1079,-101.875,57.0,Manitoba.a
1080,-101.875,56.5,Manitoba.a
1081,-101.875,56.0,Manitoba.a
1082,-101.875,55.5,Manitoba.a
1083,-101.875,55.0,Manitoba.a
1084,-101.875,54.5,Manitoba.a
1085,-101.875,54.0,Manitoba.a
1086,-101.875,53.5,Manitoba.a
1087,-101.875,53.0,Manitoba.a
1088,-101.875,52.5,Manitoba.a
1089,-101.875,52.0,Manitoba.a
1090,-101.875,51.5,Manitoba.a
1091,-101.875,51.0,Manitoba.a
1092,-101.875,50.5,Saskatchewan.a
1093,-101.875,50.0,Saskatchewan.a
1094,-101.875,49.5,Saskatchewan.a
1095,-101.875,49.0,Saskatchewan.a
1096,-101.25,59.5,Manitoba.a
1097,-101.25,59.0,Manitoba.a
1098,-101.25,58.5,Manitoba.a
1099,-101.25,58.0,Manitoba.a
1100,-101.25,57.5,Manitoba.a
1101,-101.25,57.0,Manitoba.a
1102,-101.25,56.5,Manitoba.a
1103,-101.25,56.0,Manitoba.a
1104,-101.25,55.5,Manitoba.a
1105,-101.25,55.0,Manitoba.a
1106,-101.25,54.5,Manitoba.a
1107,-101.25,54.0,Manitoba.a
1108,-101.25,53.5,Manitoba.a
1109,-101.25,53.0,Manitoba.a
1110,-101.25,52.5,Manitoba.a
1111,-101.25,52.0,Manitoba.a
1112,-101.25,51.5,Manitoba.a
1113,-101.25,51.0,Manitoba.a
1114,-101.25,50.5,Manitoba.a
1115,-101.25,50.0,Manitoba.a
1116,-101.25,49.5,Manitoba.a
1117,-101.25,49.0,Manitoba.a
1118,-100.625,59.5,Manitoba.a
1119,-100.625,59.0,Manitoba.a
1120,-100.625,58.5,Manitoba.a
1121,-100.625,58.0,Manitoba.a
1122,-100.625,57.5,Manitoba.a
1123,-100.625,57.0,Manitoba.a
1124,-100.625,56.5,Manitoba.a
1125,-100.625,56.0,Manitoba.a
1126,-100.625,55.5,Manitoba.a
1127,-100.625,55.0,Manitoba.a
1128,-100.625,54.5,Manitoba.a
1129,-100.625,54.0,Manitoba.a
1130,-100.625,53.5,Manitoba.a
1131,-100.625,53.0,Manitoba.a
1132,-100.625,52.5,Manitoba.a
1133,-100.625,52.0,Manitoba.a
1134,-100.625,51.5,Manitoba.a
1135,-100.625,51.0,Manitoba.a
1136,-100.625,50.5,Manitoba.a
1137,-100.625,50.0,Manitoba.a
1138,-100.625,49.5,Manitoba.a
1139,-100.625,49.0,Manitoba.a
1140,-100.0,59.5,Manitoba.a
1141,-100.0,59.0,Manitoba.a
1142,-100.0,58.5,Manitoba.a
1143,-100.0,58.0,Manitoba.a
1144,-100.0,57.5,Manitoba.a
1145,-100.0,57.0,Manitoba.a
1146,-100.0,56.5,Manitoba.a
1147,-100.0,56.0,Manitoba.a
1148,-100.0,55.5,Manitoba.a
1149,-100.0,55.0,Manitoba.a
1150,-100.0,54.5,Manitoba.a
1151,-100.0,54.0,Manitoba.a
1152,-100.0,53.5,Manitoba.a
1153,-100.0,53.0,Manitoba.a
1154,-100.0,52.5,Manitoba.a
1155,-100.0,52.0,Manitoba.a
1156,-100.0,51.5,Manitoba.a
1157,-100.0,51.0,Manitoba.a
1158,-100.0,50.5,Manitoba.a
1159,-100.0,50.0,Manitoba.a
1160,-100.0,49.5,Manitoba.a
1161,-100.0,49.0,Manitoba.a
1162,-99.375,59.5,Manitoba.a
1163,-99.375,59.0,Manitoba.a
1164,-99.375,58.5,Manitoba.a
1165,-99.375,58.0,Manitoba.a
1166,-99.375,57.5,Manitoba.a
1167,-99.375,57.0,Manitoba.a
1168,-99.375,56.5,Manitoba.a
1169,-99.375,56.0,Manitoba.a
1170,-99.375,55.5,Manitoba.a
1171,-99.375,55.0,Manitoba.a
1172,-99.375,54.5,Manitoba.a
1173,-99.375,54.0,Manitoba.a
1174,-99.375,53.5,Manitoba.a
1175,-99.375,53.0,Manitoba.a
1176,-99.375,52.5,Manitoba.a
1177,-99.375,52.0,Manitoba.a
1178,-99.375,51.5,Manitoba.a
1179,-99.375,51.0,Manitoba.a
1180,-99.375,50.5,Manitoba.a
1181,-99.375,50.0,Manitoba.a
1182,-99.375,49.5,Manitoba.a
1183,-99.375,49.0,Manitoba.a
1184,-98.75,59.5,Manitoba.a
1185,-98.75,59.0,Manitoba.a
1186,-98.75,58.5,Manitoba.a
1187,-98.75,58.0,Manitoba.a
1188,-98.75,57.5,Manitoba.a
1189,-98.75,57.0,Manitoba.a
1190,-98.75,56.5,Manitoba.a
1191,-98.75,56.0,Manitoba.a
1192,-98.75,55.5,Manitoba.a
1193,-98.75,55.0,Manitoba.a
1194,-98.75,54.5,Manitoba.a
1195,-98.75,54.0,Manitoba.a
1196,-98.75,53.5,Manitoba.a
1197,-98.75,53.0,Manitoba.a
1198,-98.75,52.5,Manitoba.a
1199,-98.75,52.0,Manitoba.a
1200,-98.75,51.5,Manitoba.a
1201,-98.75,51.0,Manitoba.a
1202,-98.75,50.5,Manitoba.a
1203,-98.75,50.0,Manitoba.a
1204,-98.75,49.5,Manitoba.a
1205,-98.75,49.0,Manitoba.a
1206,-98.125,59.5,Manitoba.a
1207,-98.125,59.0,Manitoba.a
1208,-98.125,58.5,Manitoba.a
1209,-98.125,58.0,Manitoba.a
1210,-98.125,57.5,Manitoba.a
1211,-98.125,57.0,Manitoba.a
1212,-98.125,56.5,Manitoba.a
1213,-98.125,56.0,Manitoba.a
1214,-98.125,55.5,Manitoba.a
1215,-98.125,55.0,Manitoba.a
1216,-98.125,54.5,Manitoba.a
1217,-98.125,54.0,Manitoba.a
1218,-98.125,53.5,Manitoba.a
1219,-98.125,53.0,Manitoba.a
1220,-98.125,52.5,Manitoba.a
1221,-98.125,52.0,Manitoba.a
1222,-98.125,51.5,Manitoba.a
1223,-98.125,51.0,Manitoba.a
1224,-98.125,50.5,Manitoba.a
1225,-98.125,50.0,Manitoba.a
1226,-98.125,49.5,Manitoba.a
1227,-98.125,49.0,Manitoba.a
1228,-97.5,59.5,Manitoba.a
1229,-97.5,59.0,Manitoba.a
1230,-97.5,58.5,Manitoba.a
1231,-97.5,58.0,Manitoba.a
1232,-97.5,57.5,Manitoba.a
1233,-97.5,57.0,Manitoba.a
1234,-97.5,56.5,Manitoba.a
1235,-97.5,56.0,Manitoba.a
1236,-97.5,55.5,Manitoba.a
1237,-97.5,55.0,Manitoba.a
1238,-97.5,54.5,Manitoba.a
1239,-97.5,54.0,Manitoba.a
1240,-97.5,53.5,Manitoba.a
1241,-97.5,53.0,Manitoba.a
1242,-97.5,52.5,Manitoba.a
1243,-97.5,52.0,Manitoba.a
1244,-97.5,51.5,Manitoba.a
1245,-97.5,51.0,Manitoba.a
1246,-97.5,50.5,Manitoba.a
1247,-97.5,50.0,Manitoba.a
1248,-97.5,49.5,Manitoba.a
1249,-97.5,49.0,Manitoba.a
1250,-96.875,59.5,Manitoba.a
1251,-96.875,59.0,Manitoba.a
1252,-96.875,58.5,Manitoba.a
1253,-96.875,58.0,Manitoba.a
1254,-96.875,57.5,Manitoba.a
1255,-96.875,57.0,Manitoba.a
1256,-96.875,56.5,Manitoba.a
1257,-96.875,56.0,Manitoba.a
1258,-96.875,55.5,Manitoba.a
1259,-96.875,55.0,Manitoba.a
1260,-96.875,54.5,Manitoba.a
1261,-96.875,54.0,Manitoba.a
1262,-96.875,53.5,Manitoba.a
1263,-96.875,53.0,Manitoba.a
1264,-96.875,52.5,Manitoba.a
1265,-96.875,52.0,Manitoba.a
1266,-96.875,51.5,Manitoba.a
1267,-96.875,51.0,Manitoba.a
1268,-96.875,50.5,Manitoba.a
1269,-96.875,50.0,Manitoba.a
1270,-96.875,49.5,Manitoba.a
1271,-96.875,49.0,Manitoba.a
1272,-96.25,59.5,Manitoba.a
1273,-96.25,59.0,Manitoba.a
1274,-96.25,58.5,Manitoba.a
1275,-96.25,58.0,Manitoba.a
1276,-96.25,57.5,Manitoba.a
1277,-96.25,57.0,Manitoba.a
1278,-96.25,56.5,Manitoba.a
1279,-96.25,56.0,Manitoba.a
1280,-96.25,55.5,Manitoba.a
1281,-96.25,55.0,Manitoba.a
1282,-96.25,54.5,Manitoba.a
1283,-96.25,54.0,Manitoba.a
1284,-96.25,53.5,Manitoba.a
1285,-96.25,53.0,Manitoba.a
1286,-96.25,52.5,Manitoba.a
1287,-96.25,52.0,Manitoba.a
1288,-96.25,51.5,Manitoba.a
1289,-96.25,51.0,Manitoba.a
1290,-96.25,50.5,Manitoba.a
1291,-96.25,50.0,Manitoba.a
1292,-96.25,49.5,Manitoba.a
1293,-96.25,49.0,Manitoba.a
1294,-95.625,59.5,Manitoba.a
1295,-95.625,59.0,Manitoba.a
1296,-95.625,58.5,Manitoba.a
1297,-95.625,58.0,Manitoba.a
1298,-95.625,57.5,Manitoba.a
1299,-95.625,57.0,Manitoba.a
1300,-95.625,56.5,Manitoba.a
1301,-95.625,56.0,Manitoba.a
1302,-95.625,55.5,Manitoba.a
1303,-95.625,55.0,Manitoba.a
1304,-95.625,54.5,Manitoba.a
1305,-95.625,54.0,Manitoba.a
1306,-95.625,53.5,Manitoba.a
1307,-95.625,53.0,Manitoba.a
1308,-95.625,52.5,Manitoba.a
1309,-95.625,52.0,Manitoba.a
1310,-95.625,51.5,Manitoba.a
1311,-95.625,51.0,Manitoba.a
1312,-95.625,50.5,Manitoba.a
1313,-95.625,50.0,Manitoba.a
1314,-95.625,49.5,Manitoba.a
1315,-95.625,49.0,Manitoba.a
1316,-95.0,59.5,Manitoba.a
1317,-95.0,59.0,Manitoba.a
1318,-95.0,58.5,Manitoba.a
1319,-95.0,58.0,Manitoba.a
1320,-95.0,57.5,Manitoba.a
1321,-95.0,57.0,Manitoba.a
1322,-95.0,56.5,Manitoba.a
1323,-95.0,56.0,Manitoba.a
1324,-95.0,55.5,Manitoba.a
1325,-95.0,55.0,Manitoba.a
1326,-95.0,54.5,Manitoba.a
1327,-95.0,54.0,Manitoba.a
1328,-95.0,53.5,Manitoba.a
1329,-95.0,53.0,Manitoba.a
1330,-95.0,52.5,Ontario.b
1331,-95.0,52.0,Ontario.b
1332,-95.0,51.5,Ontario.b
1333,-95.0,51.0,Ontario.b
1334,-95.0,50.5,Ontario.b
1335,-95.0,50.0,Ontario.b
1336,-95.0,49.5,Ontario.b
1337,-95.0,49.0,Ontario.b
1338,-95.0,48.5,Ontario.b
1339,-94.375,59.5,Manitoba.a
1340,-94.375,59.0,Manitoba.a
1341,-94.375,58.5,Manitoba.a
1342,-94.375,58.0,Manitoba.a
1343,-94.375,57.5,Manitoba.a
1344,-94.375,57.0,Manitoba.a
1345,-94.375,56.5,Manitoba.a
1346,-94.375,56.0,Manitoba.a
1347,-94.375,55.5,Manitoba.a
1348,-94.375,55.0,Manitoba.a
1349,-94.375,54.5,Manitoba.a
1350,-94.375,54.0,Manitoba.a
1351,-94.375,53.5,Manitoba.a
1352,-94.375,53.0,Ontario.b
1353,-94.375,52.5,Ontario.b
1354,-94.375,52.0,Ontario.b
1355,-94.375,51.5,Ontario.b
1356,-94.375,51.0,Ontario.b
1357,-94.375,50.5,Ontario.b
1358,-94.375,50.0,Ontario.b
1359,-94.375,49.5,Ontario.b
1360,-94.375,49.0,Ontario.b
1361,-94.375,48.5,Ontario.b
1362,-93.75,59.0,Manitoba.a
1363,-93.75,58.5,Manitoba.a
1364,-93.75,58.0,Manitoba.a
1365,-93.75,57.5,Manitoba.a
1366,-93.75,57.0,Manitoba.a
1367,-93.75,56.5,Manitoba.a
1368,-93.75,56.0,Manitoba.a
1369,-93.75,55.5,Manitoba.a
1370,-93.75,55.0,Manitoba.a
1371,-93.75,54.5,Manitoba.a
1372,-93.75,54.0,Manitoba.a
1373,-93.75,53.5,Ontario.b
1374,-93.75,53.0,Ontario.b
1375,-93.75,52.5,Ontario.b
1376,-93.75,52.0,Ontario.b
1377,-93.75,51.5,Ontario.b
1378,-93.75,51.0,Ontario.b
1379,-93.75,50.5,Ontario.b
1380,-93.75,50.0,Ontario.b
1381,-93.75,49.5,Ontario.b
1382,-93.75,49.0,Ontario.b
1383,-93.75,48.5,Ontario.b
1384,-93.125,59.0,Manitoba.a
1385,-93.125,58.5,Manitoba.a
1386,-93.125,58.0,Manitoba.a
1387,-93.125,57.5,Manitoba.a
1388,-93.125,57.0,Manitoba.a
1389,-93.125,56.5,Manitoba.a
1390,-93.125,56.0,Manitoba.a
1391,-93.125,55.5,Manitoba.a
1392,-93.125,55.0,Manitoba.a
1393,-93.125,54.5,Manitoba.a
1394,-93.125,54.0,Ontario.b
1395,-93.125,53.5,Ontario.b
1396,-93.125,53.0,Ontario.b
1397,-93.125,52.5,Ontario.b
1398,-93.125,52.0,Ontario.b
1399,-93.125,51.5,Ontario.b
1400,-93.125,51.0,Ontario.b
1401,-93.125,50.5,Ontario.b
1402,-93.125,50.0,Ontario.b
1403,-93.125,49.5,Ontario.b
1404,-93.125,49.0,Ontario.b
1405,-93.125,48.5,Ontario.b
1406,-92.5,58.0,Manitoba.a
1407,-92.5,57.5,Manitoba.a
1408,-92.5,57.0,Manitoba.a
1409,-92.5,56.5,Manitoba.a
1410,-92.5,56.0,Manitoba.a
1411,-92.5,55.5,Manitoba.a
1412,-92.5,55.0,Manitoba.a
1413,-92.5,54.5,Ontario.b
1414,-92.5,54.0,Ontario.b
1415,-92.5,53.5,Ontario.b
1416,-92.5,53.0,Ontario.b
1417,-92.5,52.5,Ontario.b
1418,-92.5,52.0,Ontario.b
1419,-92.5,51.5,Ontario.b
1420,-92.5,51.0,Ontario.b
1421,-92.5,50.5,Ontario.b
1422,-92.5,50.0,Ontario.b
1423,-92.5,49.5,Ontario.b
1424,-92.5,49.0,Ontario.b
1425,-92.5,48.5,Ontario.b
1426,-92.5,48.0,Ontario.b
1427,-91.875,58.0,Manitoba.a
1428,-91.875,57.5,Manitoba.a
1429,-91.875,57.0,Manitoba.a
1430,-91.875,56.5,Manitoba.a
1431,-91.875,56.0,Manitoba.a
1432,-91.875,55.5,Manitoba.a
1433,-91.875,55.0,Ontario.b
1434,-91.875,54.5,Ontario.b
1435,-91.875,54.0,Ontario.b
1436,-91.875,53.5,Ontario.b
1437,-91.875,53.0,Ontario.b
1438,-91.875,52.5,Ontario.b
1439,-91.875,52.0,Ontario.b
1440,-91.875,51.5,Ontario.b
1441,-91.875,51.0,Ontario.b
1442,-91.875,50.5,Ontario.b
1443,-91.875,50.0,Ontario.b
1444,-91.875,49.5,Ontario.b
1445,-91.875,49.0,Ontario.b
1446,-91.875,48.5,Ontario.b
1447,-91.875,48.0,Ontario.b
1448,-91.25,57.5,Manitoba.a
1449,-91.25,57.0,Manitoba.a
1450,-91.25,56.5,Manitoba.a
1451,-91.25,56.0,Manitoba.a
1452,-91.25,55.5,Manitoba.a
1453,-91.25,55.0,Ontario.b
1454,-91.25,54.5,Ontario.b
1455,-91.25,54.0,Ontario.b
1456,-91.25,53.5,Ontario.b
1457,-91.25,53.0,Ontario.b
1458,-91.25,52.5,Ontario.b
1459,-91.25,52.0,Ontario.b
1460,-91.25,51.5,Ontario.b
1461,-91.25,51.0,Ontario.b
1462,-91.25,50.5,Ontario.b
1463,-91.25,50.0,Ontario.b
1464,-91.25,49.5,Ontario.b
1465,-91.25,49.0,Ontario.b
1466,-91.25,48.5,Ontario.b
1467,-91.25,48.0,Ontario.b
1468,-90.625,57.5,Manitoba.a
1469,-90.625,57.0,Manitoba.a
1470,-90.625,56.5,Manitoba.a
1471,-90.625,56.0,Manitoba.a
1472,-90.625,55.5,Ontario.b
1473,-90.625,55.0,Ontario.b
1474,-90.625,54.5,Ontario.b
1475,-90.625,54.0,Ontario.b
1476,-90.625,53.5,Ontario.b
1477,-90.625,53.0,Ontario.b
1478,-90.625,52.5,Ontario.b
1479,-90.625,52.0,Ontario.b
1480,-90.625,51.5,Ontario.b
1481,-90.625,51.0,Ontario.b
1482,-90.625,50.5,Ontario.b
1483,-90.625,50.0,Ontario.b
1484,-90.625,49.5,Ontario.b
1485,-90.625,49.0,Ontario.b
1486,-90.625,48.5,Ontario.b
1487,-90.625,48.0,Ontario.b
1488,-90.0,57.0,Manitoba.a
1489,-90.0,56.5,Manitoba.a
1490,-90.0,56.0,Ontario.b
1491,-90.0,55.5,Ontario.b
1492,-90.0,55.0,Ontario.b
1493,-90.0,54.5,Ontario.b
1494,-90.0,54.0,Ontario.b
1495,-90.0,53.5,Ontario.b
1496,-90.0,53.0,Ontario.b
1497,-90.0,52.5,Ontario.b
1498,-90.0,52.0,Ontario.b
1499,-90.0,51.5,Ontario.b
1500,-90.0,51.0,Ontario.b
1501,-90.0,50.5,Ontario.b
1502,-90.0,50.0,Ontario.b
1503,-90.0,49.5,Ontario.b
1504,-90.0,49.0,Ontario.b
1505,-90.0,48.5,Ontario.b
1506,-90.0,48.0,Ontario.b
1507,-89.375,57.0,Manitoba.a
1508,-89.375,56.5,Ontario.b
1509,-89.375,56.0,Ontario.b
1510,-89.375,55.5,Ontario.b
1511,-89.375,55.0,Ontario.b
1512,-89.375,54.5,Ontario.b
1513,-89.375,54.0,Ontario.b
1514,-89.375,53.5,Ontario.b
1515,-89.375,53.0,Ontario.b
1516,-89.375,52.5,Ontario.b
1517,-89.375,52.0,Ontario.b
1518,-89.375,51.5,Ontario.b
1519,-89.375,51.0,Ontario.b
1520,-89.375,50.5,Ontario.b
1521,-89.375,50.0,Ontario.b
1522,-89.375,49.5,Ontario.b
1523,-89.375,49.0,Ontario.b
1524,-89.375,48.5,Ontario.b
1525,-89.375,48.0,Ontario.b
1526,-88.75,57.0,Ontario.b
1527,-88.75,56.5,Ontario.b
1528,-88.75,56.0,Ontario.b
1529,-88.75,55.5,Ontario.b
1530,-88.75,55.0,Ontario.b
1531,-88.75,54.5,Ontario.b
1532,-88.75,54.0,Ontario.b
1533,-88.75,53.5,Ontario.b
1534,-88.75,53.0,Ontario.b
1535,-88.75,52.5,Ontario.b
1536,-88.75,52.0,Ontario.b
1537,-88.75,51.5,Ontario.b
1538,-88.75,51.0,Ontario.b
1539,-88.75,50.5,Ontario.b
1540,-88.75,50.0,Ontario.b
1541,-88.75,49.5,Ontario.b
1542,-88.75,49.0,Ontario.b
1543,-88.75,48.5,Ontario.b
1544,-88.75,48.0,Ontario.b
1545,-88.125,57.0,Ontario.b
1546,-88.125,56.5,Ontario.b
1547,-88.125,56.0,Ontario.b
1548,-88.125,55.5,Ontario.b
1549,-88.125,55.0,Ontario.b
1550,-88.125,54.5,Ontario.b
1551,-88.125,54.0,Ontario.b
1552,-88.125,53.5,Ontario.b
1553,-88.125,53.0,Ontario.b
1554,-88.125,52.5,Ontario.b
1555,-88.125,52.0,Ontario.b
1556,-88.125,51.5,Ontario.b
1557,-88.125,51.0,Ontario.b
1558,-88.125,50.5,Ontario.b
1559,-88.125,50.0,Ontario.b
1560,-88.125,49.5,Ontario.b
1561,-88.125,49.0,Ontario.b
1562,-88.125,48.5,Ontario.b
1563,-88.125,48.0,Ontario.b
1564,-87.5,57.0,Ontario.b
1565,-87.5,56.5,Ontario.b
1566,-87.5,56.0,Ontario.b
1567,-87.5,55.5,Ontario.b
1568,-87.5,55.0,Ontario.b
1569,-87.5,54.5,Ontario.b
1570,-87.5,54.0,Ontario.b
1571,-87.5,53.5,Ontario.b
1572,-87.5,53.0,Ontario.b
1573,-87.5,52.5,Ontario.b
1574,-87.5,52.0,Ontario.b
1575,-87.5,51.5,Ontario.b
1576,-87.5,51.0,Ontario.b
1577,-87.5,50.5,Ontario.b
1578,-87.5,50.0,Ontario.b
1579,-87.5,49.5,Ontario.b
1580,-87.5,49.0,Ontario.b
1581,-87.5,48.5,Ontario.b
1582,-87.5,48.0,Ontario.b
1583,-87.5,47.5,Ontario.b
1584,-86.875,56.5,Ontario.b
1585,-86.875,56.0,Ontario.b
1586,-86.875,55.5,Ontario.b
1587,-86.875,55.0,Ontario.b
1588,-86.875,54.5,Ontario.b
1589,-86.875,54.0,Ontario.b
1590,-86.875,53.5,Ontario.b
1591,-86.875,53.0,Ontario.b
1592,-86.875,52.5,Ontario.b
1593,-86.875,52.0,Ontario.b
1594,-86.875,51.5,Ontario.b
1595,-86.875,51.0,Ontario.b
1596,-86.875,50.5,Ontario.b
1597,-86.875,50.0,Ontario.b
1598,-86.875,49.5,Ontario.b
1599,-86.875,49.0,Ontario.b
1600,-86.875,48.5,Ontario.b
1601,-86.875,48.0,Ontario.b
1602,-86.875,47.5,Ontario.b
1603,-86.25,56.0,Ontario.b
1604,-86.25,55.5,Ontario.b
1605,-86.25,55.0,Ontario.b
1606,-86.25,54.5,Ontario.b
1607,-86.25,54.0,Ontario.b
1608,-86.25,53.5,Ontario.b
1609,-86.25,53.0,Ontario.b
1610,-86.25,52.5,Ontario.b
1611,-86.25,52.0,Ontario.b
1612,-86.25,51.5,Ontario.b
1613,-86.25,51.0,Ontario.b
1614,-86.25,50.5,Ontario.b
1615,-86.25,50.0,Ontario.b
1616,-86.25,49.5,Ontario.b
1617,-86.25,49.0,Ontario.b
1618,-86.25,48.5,Ontario.b
1619,-86.25,48.0,Ontario.b
1620,-86.25,47.5,Ontario.b
1621,-86.25,47.0,Ontario.b
1622,-85.625,56.0,Ontario.b
1623,-85.625,55.5,Ontario.b
1624,-85.625,55.0,Ontario.b
1625,-85.625,54.5,Ontario.b
1626,-85.625,54.0,Ontario.b
1627,-85.625,53.5,Ontario.b
1628,-85.625,53.0,Ontario.b
1629,-85.625,52.5,Ontario.b
1630,-85.625,52.0,Ontario.b
1631,-85.625,51.5,Ontario.b
1632,-85.625,51.0,Ontario.b
1633,-85.625,50.5,Ontario.b
1634,-85.625,50.0,Ontario.b
1635,-85.625,49.5,Ontario.b
1636,-85.625,49.0,Ontario.b
1637,-85.625,48.5,Ontario.b
1638,-85.625,48.0,Ontario.b
1639,-85.625,47.5,Ontario.b
1640,-85.625,47.0,Ontario.b
1641,-85.625,46.5,Ontario.b
1642,-85.0,56.0,Ontario.b
1643,-85.0,55.5,Ontario.b
1644,-85.0,55.0,Ontario.b
1645,-85.0,54.5,Ontario.b
1646,-85.0,54.0,Ontario.b
1647,-85.0,53.5,Ontario.b
1648,-85.0,53.0,Ontario.b
1649,-85.0,52.5,Ontario.b
1650,-85.0,52.0,Ontario.b
1651,-85.0,51.5,Ontario.b
1652,-85.0,51.0,Ontario.b
1653,-85.0,50.5,Ontario.b
1654,-85.0,50.0,Ontario.b
1655,-85.0,49.5,Ontario.b
1656,-85.0,49.0,Ontario.b
1657,-85.0,48.5,Ontario.b
1658,-85.0,48.0,Ontario.b
1659,-85.0,47.5,Ontario.b
1660,-85.0,47.0,Ontario.b
1661,-85.0,46.5,Ontario.b
1662,-84.375,55.5,Ontario.b
1663,-84.375,55.0,Ontario.b
1664,-84.375,54.5,Ontario.b
1665,-84.375,54.0,Ontario.b
1666,-84.375,53.5,Ontario.b
1667,-84.375,53.0,Ontario.b
1668,-84.375,52.5,Ontario.b
1669,-84.375,52.0,Ontario.b
1670,-84.375,51.5,Ontario.b
1671,-84.375,51.0,Ontario.b
1672,-84.375,50.5,Ontario.b
1673,-84.375,50.0,Ontario.b
1674,-84.375,49.5,Ontario.b
1675,-84.375,49.0,Ontario.b
1676,-84.375,48.5,Ontario.b
1677,-84.375,48.0,Ontario.b
1678,-84.375,47.5,Ontario.b
1679,-84.375,47.0,Ontario.b
1680,-84.375,46.5,Ontario.b
1681,-84.375,46.0,Ontario.b
1682,-83.75,55.5,Ontario.b
1683,-83.75,55.0,Ontario.b
1684,-83.75,54.5,Ontario.b
1685,-83.75,54.0,Ontario.b
1686,-83.75,53.5,Ontario.b
1687,-83.75,53.0,Ontario.b
1688,-83.75,52.5,Ontario.b
1689,-83.75,52.0,Ontario.b
1690,-83.75,51.5,Ontario.b
1691,-83.75,51.0,Ontario.b
1692,-83.75,50.5,Ontario.b
1693,-83.75,50.0,Ontario.b
1694,-83.75,49.5,Ontario.b
1695,-83.75,49.0,Ontario.b
1696,-83.75,48.5,Ontario.b
1697,-83.75,48.0,Ontario.b
1698,-83.75,47.5,Ontario.b
1699,-83.75,47.0,Ontario.b
1700,-83.75,46.5,Ontario.b
1701,-83.75,46.0,Ontario.b
1702,-83.75,45.5,Ontario.b
1703,-83.125,55.5,Ontario.b
1704,-83.125,55.0,Ontario.b
1705,-83.125,54.5,Ontario.b
1706,-83.125,54.0,Ontario.b
1707,-83.125,53.5,Ontario.b
1708,-83.125,53.0,Ontario.b
1709,-83.125,52.5,Ontario.b
1710,-83.125,52.0,Ontario.b
1711,-83.125,51.5,Ontario.b
1712,-83.125,51.0,Ontario.b
1713,-83.125,50.5,Ontario.b
1714,-83.125,50.0,Ontario.b
1715,-83.125,49.5,Ontario.b
1716,-83.125,49.0,Ontario.b
1717,-83.125,48.5,Ontario.b
1718,-83.125,48.0,Ontario.b
1719,-83.125,47.5,Ontario.b
1720,-83.125,47.0,Ontario.b
1721,-83.125,46.5,Ontario.b
1722,-83.125,46.0,Ontario.b
1723,-83.125,45.5,Ontario.b
1724,-83.125,45.0,Ontario.a
1725,-83.125,43.0,Ontario.a
1726,-83.125,42.5,Ontario.a
1727,-83.125,42.0,Ontario.a
1728,-83.125,41.5,Ontario.a
1729,-82.5,55.5,Ontario.b
1730,-82.5,55.0,Ontario.b
1731,-82.5,54.5,Ontario.b
1732,-82.5,54.0,Ontario.b
1733,-82.5,53.5,Ontario.b
1734,-82.5,53.0,Ontario.b
1735,-82.5,52.5,Ontario.b
1736,-82.5,52.0,Ontario.b
1737,-82.5,51.5,Ontario.b
1738,-82.5,51.0,Ontario.b
1739,-82.5,50.5,Ontario.b
1740,-82.5,50.0,Ontario.b
1741,-82.5,49.5,Ontario.b
1742,-82.5,49.0,Ontario.b
1743,-82.5,48.5,Ontario.b
1744,-82.5,48.0,Ontario.b
1745,-82.5,47.5,Ontario.b
1746,-82.5,47.0,Ontario.b
1747,-82.5,46.5,Ontario.b
1748,-82.5,46.0,Ontario.b
1749,-82.5,45.5,Ontario.b
1750,-82.5,45.0,Ontario.a
1751,-82.5,44.5,Ontario.a
1752,-82.5,44.0,Ontario.a
1753,-82.5,43.5,Ontario.a
1754,-82.5,43.0,Ontario.a
1755,-82.5,42.5,Ontario.a
1756,-82.5,42.0,Ontario.a
1757,-82.5,41.5,Ontario.a
1758,-81.875,55.5,Ontario.b
1759,-81.875,55.0,Ontario.b
1760,-81.875,54.5,Ontario.b
1761,-81.875,54.0,Ontario.b
1762,-81.875,53.5,Ontario.b
1763,-81.875,53.0,Ontario.b
1764,-81.875,52.5,Ontario.b
1765,-81.875,52.0,Ontario.b
1766,-81.875,51.5,Ontario.b
1767,-81.875,51.0,Ontario.b
1768,-81.875,50.5,Ontario.b
1769,-81.875,50.0,Ontario.b
1770,-81.875,49.5,Ontario.b
1771,-81.875,49.0,Ontario.b
1772,-81.875,48.5,Ontario.b
1773,-81.875,48.0,Ontario.b
1774,-81.875,47.5,Ontario.b
1775,-81.875,47.0,Ontario.b
1776,-81.875,46.5,Ontario.b
1777,-81.875,46.0,Ontario.b
1778,-81.875,45.5,Ontario.b
1779,-81.875,45.0,Ontario.a
1780,-81.875,44.5,Ontario.a
1781,-81.875,44.0,Ontario.a
1782,-81.875,43.5,Ontario.a
1783,-81.875,43.0,Ontario.a
1784,-81.875,42.5,Ontario.a
1785,-81.875,42.0,Ontario.a
1786,-81.875,41.5,Ontario.a
1787,-81.25,55.5,Ontario.b
1788,-81.25,55.0,Ontario.b
1789,-81.25,54.5,Ontario.b
1790,-81.25,54.0,Ontario.b
1791,-81.25,53.5,Ontario.b
1792,-81.25,53.0,Ontario.b
1793,-81.25,52.5,Ontario.b
1794,-81.25,52.0,Ontario.b
1795,-81.25,51.5,Ontario.b
1796,-81.25,51.0,Ontario.b
1797,-81.25,50.5,Ontario.b
1798,-81.25,50.0,Ontario.b
1799,-81.25,49.5,Ontario.b
1800,-81.25,49.0,Ontario.b
1801,-81.25,48.5,Ontario.b
1802,-81.25,48.0,Ontario.b
1803,-81.25,47.5,Ontario.b
1804,-81.25,47.0,Ontario.b
1805,-81.25,46.5,Ontario.b
1806,-81.25,46.0,Ontario.b
1807,-81.25,45.5,Ontario.b
1808,-81.25,45.0,Ontario.a
1809,-81.25,44.5,Ontario.a
1810,-81.25,44.0,Ontario.a
1811,-81.25,43.5,Ontario.a
1812,-81.25,43.0,Ontario.a
1813,-81.25,42.5,Ontario.a
1814,-81.25,42.0,Ontario.a
1815,-80.625,55.5,Ontario.b
1816,-80.625,55.0,Ontario.b
1817,-80.625,54.5,Ontario.b
1818,-80.625,54.0,Ontario.b
1819,-80.625,53.5,Ontario.b
1820,-80.625,53.0,Ontario.b
1821,-80.625,52.5,Ontario.b
1822,-80.625,52.0,Ontario.b
1823,-80.625,51.5,Ontario.b
1824,-80.625,51.0,Ontario.b
1825,-80.625,50.5,Ontario.b
1826,-80.625,50.0,Ontario.b
1827,-80.625,49.5,Ontario.b
1828,-80.625,49.0,Ontario.b
1829,-80.625,48.5,Ontario.b
1830,-80.625,48.0,Ontario.b
1831,-80.625,47.5,Ontario.b
1832,-80.625,47.0,Ontario.b
1833,-80.625,46.5,Ontario.b
1834,-80.625,46.0,Ontario.b
1835,-80.625,45.5,Ontario.b
1836,-80.625,45.0,Ontario.a
1837,-80.625,44.5,Ontario.a
1838,-80.625,44.0,Ontario.a
1839,-80.625,43.5,Ontario.a
1840,-80.625,43.0,Ontario.a
1841,-80.625,42.5,Ontario.a
1842,-80.625,42.0,Ontario.a
1843,-80.0,58.5,Quebec.b
1844,-80.0,58.0,Quebec.b
1845,-80.0,55.5,Quebec.b
1846,-80.0,55.0,Quebec.b
1847,-80.0,54.5,Quebec.b
1848,-80.0,54.0,Quebec.b
1849,-80.0,53.5,Quebec.b
1850,-80.0,53.0,Quebec.b
1851,-80.0,52.5,Quebec.b
1852,-80.0,52.0,Ontario.b
1853,-80.0,51.5,Ontario.b
1854,-80.0,51.0,Ontario.b
1855,-80.0,50.5,Ontario.b
1856,-80.0,50.0,Ontario.b
1857,-80.0,49.5,Ontario.b
1858,-80.0,49.0,Ontario.b
1859,-80.0,48.5,Ontario.b
1860,-80.0,48.0,Ontario.b
1861,-80.0,47.5,Ontario.b
1862,-80.0,47.0,Ontario.b
1863,-80.0,46.5,Ontario.b
1864,-80.0,46.0,Ontario.b
1865,-80.0,45.5,Ontario.b
1866,-80.0,45.0,Ontario.a
1867,-80.0,44.5,Ontario.a
1868,-80.0,44.0,Ontario.a
1869,-80.0,43.5,Ontario.a
1870,-80.0,43.0,Ontario.a
1871,-80.0,42.5,Ontario.a
1872,-80.0,42.0,Ontario.a
1873,-79.375,59.5,Quebec.b
1874,-79.375,59.0,Quebec.b
1875,-79.375,58.5,Quebec.b
1876,-79.375,58.0,Quebec.b
1877,-79.375,57.5,Quebec.b
1878,-79.375,55.5,Quebec.b
1879,-79.375,55.0,Quebec.b
1880,-79.375,54.5,Quebec.b
1881,-79.375,54.0,Quebec.b
1882,-79.375,53.5,Quebec.b
1883,-79.375,53.0,Quebec.b
1884,-79.375,52.5,Quebec.b
1885,-79.375,52.0,Quebec.b
1886,-79.375,51.5,Quebec.b
1887,-79.375,51.0,Quebec.b
1888,-79.375,50.5,Quebec.b
1889,-79.375,50.0,Quebec.b
1890,-79.375,49.5,Quebec.b
1891,-79.375,49.0,Quebec.b
1892,-79.375,48.5,Quebec.b
1893,-79.375,48.0,Quebec.b
1894,-79.375,47.5,Quebec.b
1895,-79.375,47.0,Quebec.b
1896,-79.375,46.5,Quebec.b
1897,-79.375,46.0,Ontario.b
1898,-79.375,45.5,Ontario.a
1899,-79.375,45.0,Ontario.a
1900,-79.375,44.5,Ontario.a
1901,-79.375,44.0,Ontario.a
1902,-79.375,43.5,Ontario.a
1903,-79.375,43.0,Ontario.a
1904,-79.375,42.5,Ontario.a
1905,-78.75,59.5,Quebec.b
1906,-78.75,59.0,Quebec.b
1907,-78.75,58.5,Quebec.b
1908,-78.75,58.0,Quebec.b
1909,-78.75,57.5,Quebec.b
1910,-78.75,57.0,Quebec.b
1911,-78.75,56.5,Quebec.b
1912,-78.75,56.0,Quebec.b
1913,-78.75,55.5,Quebec.b
1914,-78.75,55.0,Quebec.b
1915,-78.75,54.5,Quebec.b
1916,-78.75,54.0,Quebec.b
1917,-78.75,53.5,Quebec.b
1918,-78.75,53.0,Quebec.b
1919,-78.75,52.5,Quebec.b
1920,-78.75,52.0,Quebec.b
1921,-78.75,51.5,Quebec.b
1922,-78.75,51.0,Quebec.b
1923,-78.75,50.5,Quebec.b
1924,-78.75,50.0,Quebec.b
1925,-78.75,49.5,Quebec.b
1926,-78.75,49.0,Quebec.b
1927,-78.75,48.5,Quebec.b
1928,-78.75,48.0,Quebec.b
1929,-78.75,47.5,Quebec.b
1930,-78.75,47.0,Quebec.b
1931,-78.75,46.5,Quebec.b
1932,-78.75,46.0,Ontario.b
1933,-78.75,45.5,Ontario.a
1934,-78.75,45.0,Ontario.a
1935,-78.75,44.5,Ontario.a
1936,-78.75,44.0,Ontario.a
1937,-78.75,43.5,Ontario.a
1938,-78.125,59.5,Quebec.b
1939,-78.125,59.0,Quebec.b
1940,-78.125,58.5,Quebec.b
1941,-78.125,58.0,Quebec.b
1942,-78.125,57.5,Quebec.b
1943,-78.125,57.0,Quebec.b
1944,-78.125,56.5,Quebec.b
1945,-78.125,56.0,Quebec.b
1946,-78.125,55.5,Quebec.b
1947,-78.125,55.0,Quebec.b
1948,-78.125,54.5,Quebec.b
1949,-78.125,54.0,Quebec.b
1950,-78.125,53.5,Quebec.b
1951,-78.125,53.0,Quebec.b
1952,-78.125,52.5,Quebec.b
1953,-78.125,52.0,Quebec.b
1954,-78.125,51.5,Quebec.b
1955,-78.125,51.0,Quebec.b
1956,-78.125,50.5,Quebec.b
1957,-78.125,50.0,Quebec.b
1958,-78.125,49.5,Quebec.b
1959,-78.125,49.0,Quebec.b
1960,-78.125,48.5,Quebec.b
1961,-78.125,48.0,Quebec.b
1962,-78.125,47.5,Quebec.b
1963,-78.125,47.0,Quebec.b
1964,-78.125,46.5,Quebec.b
1965,-78.125,46.0,Ontario.a
1966,-78.125,45.5,Ontario.a
1967,-78.125,45.0,Ontario.a
1968,-78.125,44.5,Ontario.a
1969,-78.125,44.0,Ontario.a
1970,-78.125,43.5,Ontario.a
1971,-77.5,59.5,Quebec.b
1972,-77.5,59.0,Quebec.b
1973,-77.5,58.5,Quebec.b
1974,-77.5,58.0,Quebec.b
1975,-77.5,57.5,Quebec.b
1976,-77.5,57.0,Quebec.b
1977,-77.5,56.5,Quebec.b
1978,-77.5,56.0,Quebec.b
1979,-77.5,55.5,Quebec.b
1980,-77.5,55.0,Quebec.b
1981,-77.5,54.5,Quebec.b
1982,-77.5,54.0,Quebec.b
1983,-77.5,53.5,Quebec.b
1984,-77.5,53.0,Quebec.b
1985,-77.5,52.5,Quebec.b
1986,-77.5,52.0,Quebec.b
1987,-77.5,51.5,Quebec.b
1988,-77.5,51.0,Quebec.b
1989,-77.5,50.5,Quebec.b
1990,-77.5,50.0,Quebec.b
1991,-77.5,49.5,Quebec.b
1992,-77.5,49.0,Quebec.b
1993,-77.5,48.5,Quebec.b
1994,-77.5,48.0,Quebec.b
1995,-77.5,47.5,Quebec.b
1996,-77.5,47.0,Quebec.b
1997,-77.5,46.5,Quebec.b
1998,-77.5,46.0,Ontario.a
1999,-77.5,45.5,Ontario.a
2000,-77.5,45.0,Ontario.a
2001,-77.5,44.5,Ontario.a
2002,-77.5,44.0,Ontario.a
2003,-77.5,43.5,Ontario.a
2004,-76.875,59.5,Quebec.b
2005,-76.875,59.0,Quebec.b
2006,-76.875,58.5,Quebec.b
2007,-76.875,58.0,Quebec.b
2008,-76.875,57.5,Quebec.b
2009,-76.875,57.0,Quebec.b
2010,-76.875,56.5,Quebec.b
2011,-76.875,56.0,Quebec.b
2012,-76.875,55.5,Quebec.b
2013,-76.875,55.0,Quebec.b
2014,-76.875,54.5,Quebec.b
2015,-76.875,54.0,Quebec.b
2016,-76.875,53.5,Quebec.b
2017,-76.875,53.0,Quebec.b
2018,-76.875,52.5,Quebec.b
2019,-76.875,52.0,Quebec.b
2020,-76.875,51.5,Quebec.b
2021,-76.875,51.0,Quebec.b
2022,-76.875,50.5,Quebec.b
2023,-76.875,50.0,Quebec.b
2024,-76.875,49.5,Quebec.b
2025,-76.875,49.0,Quebec.b
2026,-76.875,48.5,Quebec.b
2027,-76.875,48.0,Quebec.b
2028,-76.875,47.5,Quebec.b
2029,-76.875,47.0,Quebec.b
2030,-76.875,46.5,Quebec.b
2031,-76.875,46.0,Quebec.a
2032,-76.875,45.5,Ontario.a
2033,-76.875,45.0,Ontario.a
2034,-76.875,44.5,Ontario.a
2035,-76.875,44.0,Ontario.a
2036,-76.875,43.5,Ontario.a
2037,-76.25,59.5,Quebec.b
2038,-76.25,59.0,Quebec.b
2039,-76.25,58.5,Quebec.b
2040,-76.25,58.0,Quebec.b
2041,-76.25,57.5,Quebec.b
2042,-76.25,57.0,Quebec.b
2043,-76.25,56.5,Quebec.b
2044,-76.25,56.0,Quebec.b
2045,-76.25,55.5,Quebec.b
2046,-76.25,55.0,Quebec.b
2047,-76.25,54.5,Quebec.b
2048,-76.25,54.0,Quebec.b
2049,-76.25,53.5,Quebec.b
2050,-76.25,53.0,Quebec.b
2051,-76.25,52.5,Quebec.b
2052,-76.25,52.0,Quebec.b
2053,-76.25,51.5,Quebec.b
2054,-76.25,51.0,Quebec.b
2055,-76.25,50.5,Quebec.b
2056,-76.25,50.0,Quebec.b
2057,-76.25,49.5,Quebec.b
2058,-76.25,49.0,Quebec.b
2059,-76.25,48.5,Quebec.b
2060,-76.25,48.0,Quebec.b
2061,-76.25,47.5,Quebec.b
2062,-76.25,47.0,Quebec.b
2063,-76.25,46.5,Quebec.b
2064,-76.25,46.0,Quebec.a
2065,-76.25,45.5,Quebec.a
2066,-76.25,45.0,Ontario.a
2067,-76.25,44.5,Ontario.a
2068,-76.25,44.0,Ontario.a
2069,-75.625,59.5,Quebec.b
2070,-75.625,59.0,Quebec.b
2071,-75.625,58.5,Quebec.b
2072,-75.625,58.0,Quebec.b
2073,-75.625,57.5,Quebec.b
2074,-75.625,57.0,Quebec.b
2075,-75.625,56.5,Quebec.b
2076,-75.625,56.0,Quebec.b
2077,-75.625,55.5,Quebec.b
2078,-75.625,55.0,Quebec.b
2079,-75.625,54.5,Quebec.b
2080,-75.625,54.0,Quebec.b
2081,-75.625,53.5,Quebec.b
2082,-75.625,53.0,Quebec.b
2083,-75.625,52.5,Quebec.b
2084,-75.625,52.0,Quebec.b
2085,-75.625,51.5,Quebec.b
2086,-75.625,51.0,Quebec.b
2087,-75.625,50.5,Quebec.b
2088,-75.625,50.0,Quebec.b
2089,-75.625,49.5,Quebec.b
2090,-75.625,49.0,Quebec.b
2091,-75.625,48.5,Quebec.b
2092,-75.625,48.0,Quebec.b
2093,-75.625,47.5,Quebec.b
2094,-75.625,47.0,Quebec.b
2095,-75.625,46.5,Quebec.b
2096,-75.625,46.0,Quebec.a
2097,-75.625,45.5,Quebec.a
2098,-75.625,45.0,Ontario.a
2099,-75.625,44.5,Ontario.a
2100,-75.0,59.5,Quebec.b
2101,-75.0,59.0,Quebec.b
2102,-75.0,58.5,Quebec.b
2103,-75.0,58.0,Quebec.b
2104,-75.0,57.5,Quebec.b
2105,-75.0,57.0,Quebec.b
2106,-75.0,56.5,Quebec.b
2107,-75.0,56.0,Quebec.b
2108,-75.0,55.5,Quebec.b
2109,-75.0,55.0,Quebec.b
2110,-75.0,54.5,Quebec.b
2111,-75.0,54.0,Quebec.b
2112,-75.0,53.5,Quebec.b
2113,-75.0,53.0,Quebec.b
2114,-75.0,52.5,Quebec.b
2115,-75.0,52.0,Quebec.b
2116,-75.0,51.5,Quebec.b
2117,-75.0,51.0,Quebec.b
2118,-75.0,50.5,Quebec.b
2119,-75.0,50.0,Quebec.b
2120,-75.0,49.5,Quebec.b
2121,-75.0,49.0,Quebec.b
2122,-75.0,48.5,Quebec.b
2123,-75.0,48.0,Quebec.b
2124,-75.0,47.5,Quebec.b
2125,-75.0,47.0,Quebec.b
2126,-75.0,46.5,Quebec.a
2127,-75.0,46.0,Quebec.a
2128,-75.0,45.5,Quebec.a
2129,-75.0,45.0,Ontario.a
2130,-74.375,59.5,Quebec.b
2131,-74.375,59.0,Quebec.b
2132,-74.375,58.5,Quebec.b
2133,-74.375,58.0,Quebec.b
2134,-74.375,57.5,Quebec.b
2135,-74.375,57.0,Quebec.b
2136,-74.375,56.5,Quebec.b
2137,-74.375,56.0,Quebec.b
2138,-74.375,55.5,Quebec.b
2139,-74.375,55.0,Quebec.b
2140,-74.375,54.5,Quebec.b
2141,-74.375,54.0,Quebec.b
2142,-74.375,53.5,Quebec.b
2143,-74.375,53.0,Quebec.b
2144,-74.375,52.5,Quebec.b
2145,-74.375,52.0,Quebec.b
2146,-74.375,51.5,Quebec.b
2147,-74.375,51.0,Quebec.b
2148,-74.375,50.5,Quebec.b
2149,-74.375,50.0,Quebec.b
2150,-74.375,49.5,Quebec.b
2151,-74.375,49.0,Quebec.b
2152,-74.375,48.5,Quebec.b
2153,-74.375,48.0,Quebec.b
2154,-74.375,47.5,Quebec.b
2155,-74.375,47.0,Quebec.b
2156,-74.375,46.5,Quebec.a
2157,-74.375,46.0,Quebec.a
2158,-74.375,45.5,Quebec.a
2159,-74.375,45.0,Quebec.a
2160,-73.75,59.5,Quebec.b
2161,-73.75,59.0,Quebec.b
2162,-73.75,58.5,Quebec.b
2163,-73.75,58.0,Quebec.b
2164,-73.75,57.5,Quebec.b
2165,-73.75,57.0,Quebec.b
2166,-73.75,56.5,Quebec.b
2167,-73.75,56.0,Quebec.b
2168,-73.75,55.5,Quebec.b
2169,-73.75,55.0,Quebec.b
2170,-73.75,54.5,Quebec.b
2171,-73.75,54.0,Quebec.b
2172,-73.75,53.5,Quebec.b
2173,-73.75,53.0,Quebec.b
2174,-73.75,52.5,Quebec.b
2175,-73.75,52.0,Quebec.b
2176,-73.75,51.5,Quebec.b
2177,-73.75,51.0,Quebec.b
2178,-73.75,50.5,Quebec.b
2179,-73.75,50.0,Quebec.b
2180,-73.75,49.5,Quebec.b
2181,-73.75,49.0,Quebec.b
2182,-73.75,48.5,Quebec.b
2183,-73.75,48.0,Quebec.b
2184,-73.75,47.5,Quebec.b
2185,-73.75,47.0,Quebec.b
2186,-73.75,46.5,Quebec.a
2187,-73.75,46.0,Quebec.a
2188,-73.75,45.5,Quebec.a
2189,-73.75,45.0,Quebec.a
2190,-73.125,59.5,Quebec.b
2191,-73.125,59.0,Quebec.b
2192,-73.125,58.5,Quebec.b
2193,-73.125,58.0,Quebec.b
2194,-73.125,57.5,Quebec.b
2195,-73.125,57.0,Quebec.b
2196,-73.125,56.5,Quebec.b
2197,-73.125,56.0,Quebec.b
2198,-73.125,55.5,Quebec.b
2199,-73.125,55.0,Quebec.b
2200,-73.125,54.5,Quebec.b
2201,-73.125,54.0,Quebec.b
2202,-73.125,53.5,Quebec.b
2203,-73.125,53.0,Quebec.b
2204,-73.125,52.5,Quebec.b
2205,-73.125,52.0,Quebec.b
2206,-73.125,51.5,Quebec.b
2207,-73.125,51.0,Quebec.b
2208,-73.125,50.5,Quebec.b
2209,-73.125,50.0,Quebec.b
2210,-73.125,49.5,Quebec.b
2211,-73.125,49.0,Quebec.b
2212,-73.125,48.5,Quebec.b
2213,-73.125,48.0,Quebec.b
2214,-73.125,47.5,Quebec.b
2215,-73.125,47.0,Quebec.b
2216,-73.125,46.5,Quebec.a
2217,-73.125,46.0,Quebec.a
2218,-73.125,45.5,Quebec.a
2219,-73.125,45.0,Quebec.a
2220,-72.5,59.5,Quebec.b
2221,-72.5,59.0,Quebec.b
2222,-72.5,58.5,Quebec.b
2223,-72.5,58.0,Quebec.b
2224,-72.5,57.5,Quebec.b
2225,-72.5,57.0,Quebec.b
2226,-72.5,56.5,Quebec.b
2227,-72.5,56.0,Quebec.b
2228,-72.5,55.5,Quebec.b
2229,-72.5,55.0,Quebec.b
2230,-72.5,54.5,Quebec.b
2231,-72.5,54.0,Quebec.b
2232,-72.5,53.5,Quebec.b
2233,-72.5,53.0,Quebec.b
2234,-72.5,52.5,Quebec.b
2235,-72.5,52.0,Quebec.b
2236,-72.5,51.5,Quebec.b
2237,-72.5,51.0,Quebec.b
2238,-72.5,50.5,Quebec.b
2239,-72.5,50.0,Quebec.b
2240,-72.5,49.5,Quebec.b
2241,-72.5,49.0,Quebec.b
2242,-72.5,48.5,Quebec.b
2243,-72.5,48.0,Quebec.b
2244,-72.5,47.5,Quebec.b
2245,-72.5,47.0,Quebec.b
2246,-72.5,46.5,Quebec.a
2247,-72.5,46.0,Quebec.a
2248,-72.5,45.5,Quebec.a
2249,-72.5,45.0,Quebec.a
2250,-71.875,59.5,Quebec.b
2251,-71.875,59.0,Quebec.b
2252,-71.875,58.5,Quebec.b
2253,-71.875,58.0,Quebec.b
2254,-71.875,57.5,Quebec.b
2255,-71.875,57.0,Quebec.b
2256,-71.875,56.5,Quebec.b
2257,-71.875,56.0,Quebec.b
2258,-71.875,55.5,Quebec.b
2259,-71.875,55.0,Quebec.b
2260,-71.875,54.5,Quebec.b
2261,-71.875,54.0,Quebec.b
2262,-71.875,53.5,Quebec.b
2263,-71.875,53.0,Quebec.b
2264,-71.875,52.5,Quebec.b
2265,-71.875,52.0,Quebec.b
2266,-71.875,51.5,Quebec.b
2267,-71.875,51.0,Quebec.b
2268,-71.875,50.5,Quebec.b
2269,-71.875,50.0,Quebec.b
2270,-71.875,49.5,Quebec.b
2271,-71.875,49.0,Quebec.b
2272,-71.875,48.5,Quebec.b
2273,-71.875,48.0,Quebec.b
2274,-71.875,47.5,Quebec.b
2275,-71.875,47.0,Quebec.b
2276,-71.875,46.5,Quebec.a
2277,-71.875,46.0,Quebec.a
2278,-71.875,45.5,Quebec.a
2279,-71.875,45.0,Quebec.a
2280,-71.25,59.5,Quebec.b
2281,-71.25,59.0,Quebec.b
2282,-71.25,58.5,Quebec.b
2283,-71.25,58.0,Quebec.b
2284,-71.25,57.5,Quebec.b
2285,-71.25,57.0,Quebec.b
2286,-71.25,56.5,Quebec.b
2287,-71.25,56.0,Quebec.b
2288,-71.25,55.5,Quebec.b
2289,-71.25,55.0,Quebec.b
2290,-71.25,54.5,Quebec.b
2291,-71.25,54.0,Quebec.b
2292,-71.25,53.5,Quebec.b
2293,-71.25,53.0,Quebec.b
2294,-71.25,52.5,Quebec.b
2295,-71.25,52.0,Quebec.b
2296,-71.25,51.5,Quebec.b
2297,-71.25,51.0,Quebec.b
2298,-71.25,50.5,Quebec.b
2299,-71.25,50.0,Quebec.b
2300,-71.25,49.5,Quebec.b
2301,-71.25,49.0,Quebec.b
2302,-71.25,48.5,Quebec.b
2303,-71.25,48.0,Quebec.b
2304,-71.25,47.5,Quebec.b
2305,-71.25,47.0,Quebec.b
2306,-71.25,46.5,Quebec.a
2307,-71.25,46.0,Quebec.a
2308,-71.25,45.5,Quebec.a
2309,-71.25,45.0,Quebec.a
2310,-70.625,59.5,Quebec.b
2311,-70.625,59.0,Quebec.b
2312,-70.625,58.5,Quebec.b
2313,-70.625,58.0,Quebec.b
2314,-70.625,57.5,Quebec.b
2315,-70.625,57.0,Quebec.b
2316,-70.625,56.5,Quebec.b
2317,-70.625,56.0,Quebec.b
2318,-70.625,55.5,Quebec.b
2319,-70.625,55.0,Quebec.b
2320,-70.625,54.5,Quebec.b
2321,-70.625,54.0,Quebec.b
2322,-70.625,53.5,Quebec.b
2323,-70.625,53.0,Quebec.b
2324,-70.625,52.5,Quebec.b
2325,-70.625,52.0,Quebec.b
2326,-70.625,51.5,Quebec.b
2327,-70.625,51.0,Quebec.b
2328,-70.625,50.5,Quebec.b
2329,-70.625,50.0,Quebec.b
2330,-70.625,49.5,Quebec.b
2331,-70.625,49.0,Quebec.b
2332,-70.625,48.5,Quebec.b
2333,-70.625,48.0,Quebec.b
2334,-70.625,47.5,Quebec.b
2335,-70.625,47.0,Quebec.a
2336,-70.625,46.5,Quebec.a
2337,-70.625,46.0,Quebec.a
2338,-70.625,45.5,Quebec.a
2339,-70.625,45.0,Quebec.a
2340,-70.0,59.5,Quebec.b
2341,-70.0,59.0,Quebec.b
2342,-70.0,58.5,Quebec.b
2343,-70.0,58.0,Quebec.b
2344,-70.0,57.5,Quebec.b
2345,-70.0,57.0,Quebec.b
2346,-70.0,56.5,Quebec.b
2347,-70.0,56.0,Quebec.b
2348,-70.0,55.5,Quebec.b
2349,-70.0,55.0,Quebec.b
2350,-70.0,54.5,Quebec.b
2351,-70.0,54.0,Quebec.b
2352,-70.0,53.5,Quebec.b
2353,-70.0,53.0,Quebec.b
2354,-70.0,52.5,Quebec.b
2355,-70.0,52.0,Quebec.b
2356,-70.0,51.5,Quebec.b
2357,-70.0,51.0,Quebec.b
2358,-70.0,50.5,Quebec.b
2359,-70.0,50.0,Quebec.b
2360,-70.0,49.5,Quebec.b
2361,-70.0,49.0,Quebec.b
2362,-70.0,48.5,Quebec.b
2363,-70.0,48.0,Quebec.b
2364,-70.0,47.5,Quebec.a
2365,-70.0,47.0,Quebec.a
2366,-70.0,46.5,Quebec.a
2367,-69.375,59.5,Quebec.b
2368,-69.375,59.0,Quebec.b
2369,-69.375,58.5,Quebec.b
2370,-69.375,58.0,Quebec.b
2371,-69.375,57.5,Quebec.b
2372,-69.375,57.0,Quebec.b
2373,-69.375,56.5,Quebec.b
2374,-69.375,56.0,Quebec.b
2375,-69.375,55.5,Quebec.b
2376,-69.375,55.0,Quebec.b
2377,-69.375,54.5,Quebec.b
2378,-69.375,54.0,Quebec.b
2379,-69.375,53.5,Quebec.b
2380,-69.375,53.0,Quebec.b
2381,-69.375,52.5,Quebec.b
2382,-69.375,52.0,Quebec.b
2383,-69.375,51.5,Quebec.b
2384,-69.375,51.0,Quebec.b
2385,-69.375,50.5,Quebec.b
2386,-69.375,50.0,Quebec.b
2387,-69.375,49.5,Quebec.b
2388,-69.375,49.0,Quebec.b
2389,-69.375,48.5,Quebec.b
2390,-69.375,48.0,Quebec.a
2391,-69.375,47.5,Quebec.a
2392,-69.375,47.0,Quebec.a
2393,-68.75,59.5,Quebec.b
2394,-68.75,59.0,Quebec.b
2395,-68.75,58.5,Quebec.b
2396,-68.75,58.0,Quebec.b
2397,-68.75,57.5,Quebec.b
2398,-68.75,57.0,Quebec.b
2399,-68.75,56.5,Quebec.b
2400,-68.75,56.0,Quebec.b
2401,-68.75,55.5,Quebec.b
2402,-68.75,55.0,Quebec.b
2403,-68.75,54.5,Quebec.b
2404,-68.75,54.0,Quebec.b
2405,-68.75,53.5,Quebec.b
2406,-68.75,53.0,Quebec.b
2407,-68.75,52.5,Quebec.b
2408,-68.75,52.0,Quebec.b
2409,-68.75,51.5,Quebec.b
2410,-68.75,51.0,Quebec.b
2411,-68.75,50.5,Quebec.b
2412,-68.75,50.0,Quebec.b
2413,-68.75,49.5,Quebec.b
2414,-68.75,49.0,Quebec.b
2415,-68.75,48.5,Quebec.a
2416,-68.75,48.0,Quebec.a
2417,-68.75,47.5,Quebec.a
2418,-68.75,47.0,New Brunswick.a
2419,-68.125,59.5,Quebec.b
2420,-68.125,59.0,Quebec.b
2421,-68.125,58.5,Quebec.b
2422,-68.125,58.0,Quebec.b
2423,-68.125,57.5,Quebec.b
2424,-68.125,57.0,Quebec.b
2425,-68.125,56.5,Quebec.b
2426,-68.125,56.0,Quebec.b
2427,-68.125,55.5,Quebec.b
2428,-68.125,55.0,Quebec.b
2429,-68.125,54.5,Quebec.b
2430,-68.125,54.0,Quebec.b
2431,-68.125,53.5,Quebec.b
2432,-68.125,53.0,Quebec.b
2433,-68.125,52.5,Quebec.b
2434,-68.125,52.0,Quebec.b
2435,-68.125,51.5,Quebec.b
2436,-68.125,51.0,Quebec.b
2437,-68.125,50.5,Quebec.b
2438,-68.125,50.0,Quebec.b
2439,-68.125,49.5,Quebec.b
2440,-68.125,49.0,Quebec.b
2441,-68.125,48.5,Quebec.a
2442,-68.125,48.0,Quebec.a
2443,-68.125,47.5,New Brunswick.a
2444,-68.125,47.0,New Brunswick.a
2445,-68.125,46.5,New Brunswick.a
2446,-68.125,46.0,New Brunswick.a
2447,-68.125,45.5,New Brunswick.a
2448,-67.5,59.5,Quebec.b
2449,-67.5,59.0,Quebec.b
2450,-67.5,58.5,Quebec.b
2451,-67.5,58.0,Quebec.b
2452,-67.5,57.5,Quebec.b
2453,-67.5,57.0,Quebec.b
2454,-67.5,56.5,Quebec.b
2455,-67.5,56.0,Quebec.b
2456,-67.5,55.5,Quebec.b
2457,-67.5,55.0,Quebec.b
2458,-67.5,54.5,Newfoundland and Labrador.b
2459,-67.5,54.0,Newfoundland and Labrador.b
2460,-67.5,53.5,Quebec.b
2461,-67.5,53.0,Quebec.b
2462,-67.5,52.5,Quebec.b
2463,-67.5,52.0,Quebec.b
2464,-67.5,51.5,Quebec.b
2465,-67.5,51.0,Quebec.b
2466,-67.5,50.5,Quebec.b
2467,-67.5,50.0,Quebec.b
2468,-67.5,49.5,Quebec.b
2469,-67.5,49.0,Quebec.a
2470,-67.5,48.5,Quebec.a
2471,-67.5,48.0,Quebec.a
2472,-67.5,47.5,New Brunswick.a
2473,-67.5,47.0,New Brunswick.a
2474,-67.5,46.5,New Brunswick.a
2475,-67.5,46.0,New Brunswick.a
2476,-67.5,45.5,New Brunswick.a
2477,-67.5,45.0,New Brunswick.a
2478,-67.5,44.5,New Brunswick.a
2479,-66.875,59.5,Quebec.b
2480,-66.875,59.0,Quebec.b
2481,-66.875,58.5,Quebec.b
2482,-66.875,58.0,Quebec.b
2483,-66.875,57.5,Quebec.b
2484,-66.875,57.0,Quebec.b
2485,-66.875,56.5,Quebec.b
2486,-66.875,56.0,Quebec.b
2487,-66.875,55.5,Quebec.b
2488,-66.875,55.0,Quebec.b
2489,-66.875,54.5,Newfoundland and Labrador.b
2490,-66.875,54.0,Newfoundland and Labrador.b
2491,-66.875,53.5,Newfoundland and Labrador.b
2492,-66.875,53.0,Newfoundland and Labrador.b
2493,-66.875,52.5,Quebec.b
2494,-66.875,52.0,Quebec.b
2495,-66.875,51.5,Quebec.b
2496,-66.875,51.0,Quebec.b
2497,-66.875,50.5,Quebec.b
2498,-66.875,50.0,Quebec.b
2499,-66.875,49.5,Quebec.a
2500,-66.875,49.0,Quebec.a
2501,-66.875,48.5,Quebec.a
2502,-66.875,48.0,Quebec.a
2503,-66.875,47.5,New Brunswick.a
2504,-66.875,47.0,New Brunswick.a
2505,-66.875,46.5,New Brunswick.a
2506,-66.875,46.0,New Brunswick.a
2507,-66.875,45.5,New Brunswick.a
2508,-66.875,45.0,New Brunswick.a
2509,-66.875,44.5,New Brunswick.a
2510,-66.875,44.0,Nova Scotia.a
2511,-66.875,43.5,Nova Scotia.a
2512,-66.875,43.0,Nova Scotia.a
2513,-66.25,59.5,Quebec.b
2514,-66.25,59.0,Quebec.b
2515,-66.25,58.5,Quebec.b
2516,-66.25,58.0,Quebec.b
2517,-66.25,57.5,Quebec.b
2518,-66.25,57.0,Quebec.b
2519,-66.25,56.5,Quebec.b
2520,-66.25,56.0,Quebec.b
2521,-66.25,55.5,Quebec.b
2522,-66.25,55.0,Quebec.b
2523,-66.25,54.5,Newfoundland and Labrador.b
2524,-66.25,54.0,Newfoundland and Labrador.b
2525,-66.25,53.5,Newfoundland and Labrador.b
2526,-66.25,53.0,Newfoundland and Labrador.b
2527,-66.25,52.5,Newfoundland and Labrador.b
2528,-66.25,52.0,Quebec.b
2529,-66.25,51.5,Quebec.b
2530,-66.25,51.0,Quebec.b
2531,-66.25,50.5,Quebec.b
2532,-66.25,50.0,Quebec.b
2533,-66.25,49.5,Quebec.a
2534,-66.25,49.0,Quebec.a
2535,-66.25,48.5,Quebec.a
2536,-66.25,48.0,Quebec.a
2537,-66.25,47.5,New Brunswick.a
2538,-66.25,47.0,New Brunswick.a
2539,-66.25,46.5,New Brunswick.a
2540,-66.25,46.0,New Brunswick.a
2541,-66.25,45.5,New Brunswick.a
2542,-66.25,45.0,New Brunswick.a
2543,-66.25,44.5,Nova Scotia.a
2544,-66.25,44.0,Nova Scotia.a
2545,-66.25,43.5,Nova Scotia.a
2546,-66.25,43.0,Nova Scotia.a
2547,-66.25,42.5,Nova Scotia.a
2548,-65.625,59.5,Quebec.b
2549,-65.625,59.0,Quebec.b
2550,-65.625,58.5,Quebec.b
2551,-65.625,58.0,Quebec.b
2552,-65.625,57.5,Quebec.b
2553,-65.625,57.0,Quebec.b
2554,-65.625,56.5,Quebec.b
2555,-65.625,56.0,Quebec.b
2556,-65.625,55.5,Quebec.b
2557,-65.625,55.0,Quebec.b
2558,-65.625,54.5,Newfoundland and Labrador.b
2559,-65.625,54.0,Newfoundland and Labrador.b
2560,-65.625,53.5,Newfoundland and Labrador.b
2561,-65.625,53.0,Newfoundland and Labrador.b
2562,-65.625,52.5,Newfoundland and Labrador.b
2563,-65.625,52.0,Newfoundland and Labrador.b
2564,-65.625,51.5,Quebec.b
2565,-65.625,51.0,Quebec.b
2566,-65.625,50.5,Quebec.b
2567,-65.625,50.0,Quebec.b
2568,-65.625,49.5,Quebec.a
2569,-65.625,49.0,Quebec.a
2570,-65.625,48.5,Quebec.a
2571,-65.625,48.0,Quebec.a
2572,-65.625,47.5,New Brunswick.a
2573,-65.625,47.0,New Brunswick.a
2574,-65.625,46.5,New Brunswick.a
2575,-65.625,46.0,New Brunswick.a
2576,-65.625,45.5,New Brunswick.a
2577,-65.625,45.0,Nova Scotia.a
2578,-65.625,44.5,Nova Scotia.a
2579,-65.625,44.0,Nova Scotia.a
2580,-65.625,43.5,Nova Scotia.a
2581,-65.625,43.0,Nova Scotia.a
2582,-65.625,42.5,Nova Scotia.a
2583,-65.0,59.5,Quebec.b
2584,-65.0,59.0,Quebec.b
2585,-65.0,58.5,Quebec.b
2586,-65.0,58.0,Quebec.b
2587,-65.0,57.5,Quebec.b
2588,-65.0,57.0,Quebec.b
2589,-65.0,56.5,Quebec.b
2590,-65.0,56.0,Quebec.b
2591,-65.0,55.5,Quebec.b
2592,-65.0,55.0,Quebec.b
2593,-65.0,54.5,Newfoundland and Labrador.b
2594,-65.0,54.0,Newfoundland and Labrador.b
2595,-65.0,53.5,Newfoundland and Labrador.b
2596,-65.0,53.0,Newfoundland and Labrador.b
2597,-65.0,52.5,Newfoundland and Labrador.b
2598,-65.0,52.0,Newfoundland and Labrador.b
2599,-65.0,51.5,Quebec.b
2600,-65.0,51.0,Quebec.b
2601,-65.0,50.5,Quebec.b
2602,-65.0,50.0,Quebec.b
2603,-65.0,49.5,Quebec.a
2604,-65.0,49.0,Quebec.a
2605,-65.0,48.5,Quebec.a
2606,-65.0,48.0,Quebec.a
2607,-65.0,47.5,New Brunswick.a
2608,-65.0,47.0,New Brunswick.a
2609,-65.0,46.5,New Brunswick.a
2610,-65.0,46.0,New Brunswick.a
2611,-65.0,45.5,New Brunswick.a
2612,-65.0,45.0,Nova Scotia.a
2613,-65.0,44.5,Nova Scotia.a
2614,-65.0,44.0,Nova Scotia.a
2615,-65.0,43.5,Nova Scotia.a
2616,-65.0,43.0,Nova Scotia.a
2617,-64.375,59.5,Quebec.b
2618,-64.375,59.0,Newfoundland and Labrador.b
2619,-64.375,58.5,Quebec.b
2620,-64.375,58.0,Quebec.b
2621,-64.375,57.5,Quebec.b
2622,-64.375,57.0,Quebec.b
2623,-64.375,56.5,Quebec.b
2624,-64.375,56.0,Quebec.b
2625,-64.375,55.5,Quebec.b
2626,-64.375,55.0,Quebec.b
2627,-64.375,54.5,Newfoundland and Labrador.b
2628,-64.375,54.0,Newfoundland and Labrador.b
2629,-64.375,53.5,Newfoundland and Labrador.b
2630,-64.375,53.0,Newfoundland and Labrador.b
2631,-64.375,52.5,Newfoundland and Labrador.b
2632,-64.375,52.0,Newfoundland and Labrador.b
2633,-64.375,51.5,Quebec.b
2634,-64.375,51.0,Quebec.b
2635,-64.375,50.5,Quebec.b
2636,-64.375,50.0,Quebec.b
2637,-64.375,49.5,Quebec.a
2638,-64.375,49.0,Quebec.a
2639,-64.375,48.5,Quebec.a
2640,-64.375,48.0,Quebec.a
2641,-64.375,47.5,New Brunswick.a
2642,-64.375,47.0,Prince Edward Island.a
2643,-64.375,46.5,Prince Edward Island.a
2644,-64.375,46.0,New Brunswick.a
2645,-64.375,45.5,Nova Scotia.a
2646,-64.375,45.0,Nova Scotia.a
2647,-64.375,44.5,Nova Scotia.a
2648,-64.375,44.0,Nova Scotia.a
2649,-64.375,43.5,Nova Scotia.a
2650,-63.75,59.5,Newfoundland and Labrador.b
2651,-63.75,59.0,Newfoundland and Labrador.b
2652,-63.75,58.5,Newfoundland and Labrador.b
2653,-63.75,58.0,Newfoundland and Labrador.b
2654,-63.75,57.5,Newfoundland and Labrador.b
2655,-63.75,57.0,Newfoundland and Labrador.b
2656,-63.75,56.5,Newfoundland and Labrador.b
2657,-63.75,56.0,Quebec.b
2658,-63.75,55.5,Quebec.b
2659,-63.75,55.0,Quebec.b
2660,-63.75,54.5,Newfoundland and Labrador.b
2661,-63.75,54.0,Newfoundland and Labrador.b
2662,-63.75,53.5,Newfoundland and Labrador.b
2663,-63.75,53.0,Newfoundland and Labrador.b
2664,-63.75,52.5,Newfoundland and Labrador.b
2665,-63.75,52.0,Newfoundland and Labrador.b
2666,-63.75,51.5,Quebec.b
2667,-63.75,51.0,Quebec.b
2668,-63.75,50.5,Quebec.b
2669,-63.75,50.0,Quebec.b
2670,-63.75,49.5,Quebec.a
2671,-63.75,49.0,Quebec.a
2672,-63.75,48.5,Quebec.a
2673,-63.75,48.0,Quebec.a
2674,-63.75,47.5,Quebec.a
2675,-63.75,47.0,Prince Edward Island.a
2676,-63.75,46.5,Prince Edward Island.a
2677,-63.75,46.0,Prince Edward Island.a
2678,-63.75,45.5,Nova Scotia.a
2679,-63.75,45.0,Nova Scotia.a
2680,-63.75,44.5,Nova Scotia.a
2681,-63.75,44.0,Nova Scotia.a
2682,-63.125,59.0,Newfoundland and Labrador.b
2683,-63.125,58.5,Newfoundland and Labrador.b
2684,-63.125,58.0,Newfoundland and Labrador.b
2685,-63.125,57.5,Newfoundland and Labrador.b
2686,-63.125,57.0,Newfoundland and Labrador.b
2687,-63.125,56.5,Newfoundland and Labrador.b
2688,-63.125,56.0,Newfoundland and Labrador.b
2689,-63.125,55.5,Newfoundland and Labrador.b
2690,-63.125,55.0,Newfoundland and Labrador.b
2691,-63.125,54.5,Newfoundland and Labrador.b
2692,-63.125,54.0,Newfoundland and Labrador.b
2693,-63.125,53.5,Newfoundland and Labrador.b
2694,-63.125,53.0,Newfoundland and Labrador.b
2695,-63.125,52.5,Newfoundland and Labrador.b
2696,-63.125,52.0,Newfoundland and Labrador.b
2697,-63.125,51.5,Quebec.b
2698,-63.125,51.0,Quebec.b
2699,-63.125,50.5,Quebec.b
2700,-63.125,50.0,Quebec.b
2701,-63.125,49.5,Quebec.a
2702,-63.125,49.0,Quebec.a
2703,-63.125,48.5,Quebec.a
2704,-63.125,48.0,Quebec.a
2705,-63.125,47.5,Quebec.a
2706,-63.125,47.0,Prince Edward Island.a
2707,-63.125,46.5,Prince Edward Island.a
2708,-63.125,46.0,Prince Edward Island.a
2709,-63.125,45.5,Nova Scotia.a
2710,-63.125,45.0,Nova Scotia.a
2711,-63.125,44.5,Nova Scotia.a
2712,-63.125,44.0,Nova Scotia.a
2713,-62.5,58.0,Newfoundland and Labrador.b
2714,-62.5,57.5,Newfoundland and Labrador.b
2715,-62.5,57.0,Newfoundland and Labrador.b
2716,-62.5,56.5,Newfoundland and Labrador.b
2717,-62.5,56.0,Newfoundland and Labrador.b
2718,-62.5,55.5,Newfoundland and Labrador.b
2719,-62.5,55.0,Newfoundland and Labrador.b
2720,-62.5,54.5,Newfoundland and Labrador.b
2721,-62.5,54.0,Newfoundland and Labrador.b
2722,-62.5,53.5,Newfoundland and Labrador.b
2723,-62.5,53.0,Newfoundland and Labrador.b
2724,-62.5,52.5,Newfoundland and Labrador.b
2725,-62.5,52.0,Newfoundland and Labrador.b
2726,-62.5,51.5,Quebec.b
2727,-62.5,51.0,Quebec.b
2728,-62.5,50.5,Quebec.b
2729,-62.5,50.0,Quebec.b
2730,-62.5,49.5,Quebec.a
2731,-62.5,49.0,Quebec.a
2732,-62.5,48.5,Quebec.a
2733,-62.5,48.0,Quebec.a
2734,-62.5,47.5,Quebec.a
2735,-62.5,47.0,Quebec.a
2736,-62.5,46.5,Prince Edward Island.a
2737,-62.5,46.0,Prince Edward Island.a
2738,-62.5,45.5,Nova Scotia.a
2739,-62.5,45.0,Nova Scotia.a
2740,-62.5,44.5,Nova Scotia.a
2741,-61.875,57.5,Newfoundland and Labrador.b
2742,-61.875,57.0,Newfoundland and Labrador.b
2743,-61.875,56.5,Newfoundland and Labrador.b
2744,-61.875,56.0,Newfoundland and Labrador.b
2745,-61.875,55.5,Newfoundland and Labrador.b
2746,-61.875,55.0,Newfoundland and Labrador.b
2747,-61.875,54.5,Newfoundland and Labrador.b
2748,-61.875,54.0,Newfoundland and Labrador.b
2749,-61.875,53.5,Newfoundland and Labrador.b
2750,-61.875,53.0,Newfoundland and Labrador.b
2751,-61.875,52.5,Newfoundland and Labrador.b
2752,-61.875,52.0,Newfoundland and Labrador.b
2753,-61.875,51.5,Quebec.b
2754,-61.875,51.0,Quebec.b
2755,-61.875,50.5,Quebec.b
2756,-61.875,50.0,Quebec.b
2757,-61.875,49.5,Quebec.a
2758,-61.875,49.0,Quebec.a
2759,-61.875,48.5,Quebec.a
2760,-61.875,48.0,Quebec.a
2761,-61.875,47.5,Quebec.a
2762,-61.875,47.0,Quebec.a
2763,-61.875,46.5,Prince Edward Island.a
2764,-61.875,46.0,Nova Scotia.a
2765,-61.875,45.5,Nova Scotia.a
2766,-61.875,45.0,Nova Scotia.a
2767,-61.875,44.5,Nova Scotia.a
2768,-61.25,57.0,Newfoundland and Labrador.b
2769,-61.25,56.5,Newfoundland and Labrador.b
2770,-61.25,56.0,Newfoundland and Labrador.b
2771,-61.25,55.5,Newfoundland and Labrador.b
2772,-61.25,55.0,Newfoundland and Labrador.b
2773,-61.25,54.5,Newfoundland and Labrador.b
2774,-61.25,54.0,Newfoundland and Labrador.b
2775,-61.25,53.5,Newfoundland and Labrador.b
2776,-61.25,53.0,Newfoundland and Labrador.b
2777,-61.25,52.5,Newfoundland and Labrador.b
2778,-61.25,52.0,Newfoundland and Labrador.b
2779,-61.25,51.5,Quebec.b
2780,-61.25,51.0,Quebec.b
2781,-61.25,50.5,Quebec.b
2782,-61.25,50.0,Quebec.b
2783,-61.25,49.5,Quebec.a
2784,-61.25,49.0,Quebec.a
2785,-61.25,48.5,Quebec.a
2786,-61.25,48.0,Quebec.a
2787,-61.25,47.5,Quebec.a
2788,-61.25,47.0,Nova Scotia.a
2789,-61.25,46.5,Nova Scotia.a
2790,-61.25,46.0,Nova Scotia.a
2791,-61.25,45.5,Nova Scotia.a
2792,-61.25,45.0,Nova Scotia.a
2793,-60.625,56.5,Newfoundland and Labrador.b
2794,-60.625,56.0,Newfoundland and Labrador.b
2795,-60.625,55.5,Newfoundland and Labrador.b
2796,-60.625,55.0,Newfoundland and Labrador.b
2797,-60.625,54.5,Newfoundland and Labrador.b
2798,-60.625,54.0,Newfoundland and Labrador.b
2799,-60.625,53.5,Newfoundland and Labrador.b
2800,-60.625,53.0,Newfoundland and Labrador.b
2801,-60.625,52.5,Newfoundland and Labrador.b
2802,-60.625,52.0,Newfoundland and Labrador.b
2803,-60.625,51.5,Quebec.b
2804,-60.625,51.0,Quebec.b
2805,-60.625,50.5,Quebec.b
2806,-60.625,50.0,Quebec.b
2807,-60.625,49.5,Quebec.a
2808,-60.625,49.0,Quebec.a
2809,-60.625,48.5,Quebec.a
2810,-60.625,48.0,Quebec.a
2811,-60.625,47.5,Quebec.a
2812,-60.625,47.0,Nova Scotia.a
2813,-60.625,46.5,Nova Scotia.a
2814,-60.625,46.0,Nova Scotia.a
2815,-60.625,45.5,Nova Scotia.a
2816,-60.0,56.0,Newfoundland and Labrador.b
2817,-60.0,55.5,Newfoundland and Labrador.b
2818,-60.0,55.0,Newfoundland and Labrador.b
2819,-60.0,54.5,Newfoundland and Labrador.b
2820,-60.0,54.0,Newfoundland and Labrador.b
2821,-60.0,53.5,Newfoundland and Labrador.b
2822,-60.0,53.0,Newfoundland and Labrador.b
2823,-60.0,52.5,Newfoundland and Labrador.b
2824,-60.0,52.0,Newfoundland and Labrador.b
2825,-60.0,51.5,Quebec.b
2826,-60.0,51.0,Quebec.b
2827,-60.0,50.5,Quebec.b
2828,-60.0,50.0,Quebec.b
2829,-60.0,49.5,Quebec.a
2830,-60.0,49.0,Newfoundland and Labrador.a
2831,-60.0,48.5,Newfoundland and Labrador.a
2832,-60.0,48.0,Newfoundland and Labrador.a
2833,-60.0,47.5,Newfoundland and Labrador.a
2834,-60.0,47.0,Nova Scotia.a
2835,-60.0,46.5,Nova Scotia.a
2836,-60.0,46.0,Nova Scotia.a
2837,-60.0,45.5,Nova Scotia.a
2838,-59.375,55.5,Newfoundland and Labrador.b
2839,-59.375,55.0,Newfoundland and Labrador.b
2840,-59.375,54.5,Newfoundland and Labrador.b
2841,-59.375,54.0,Newfoundland and Labrador.b
2842,-59.375,53.5,Newfoundland and Labrador.b
2843,-59.375,53.0,Newfoundland and Labrador.b
2844,-59.375,52.5,Newfoundland and Labrador.b
2845,-59.375,52.0,Newfoundland and Labrador.b
2846,-59.375,51.5,Quebec.b
2847,-59.375,51.0,Quebec.b
2848,-59.375,50.5,Quebec.b
2849,-59.375,50.0,Quebec.a
2850,-59.375,49.5,Newfoundland and Labrador.a
2851,-59.375,49.0,Newfoundland and Labrador.a
2852,-59.375,48.5,Newfoundland and Labrador.a
2853,-59.375,48.0,Newfoundland and Labrador.a
2854,-59.375,47.5,Newfoundland and Labrador.a
2855,-59.375,47.0,Newfoundland and Labrador.a
2856,-59.375,46.5,Nova Scotia.a
2857,-59.375,46.0,Nova Scotia.a
2858,-59.375,45.5,Nova Scotia.a
2859,-58.75,55.5,Newfoundland and Labrador.b
2860,-58.75,55.0,Newfoundland and Labrador.b
2861,-58.75,54.5,Newfoundland and Labrador.b
2862,-58.75,54.0,Newfoundland and Labrador.b
2863,-58.75,53.5,Newfoundland and Labrador.b
2864,-58.75,53.0,Newfoundland and Labrador.b
2865,-58.75,52.5,Newfoundland and Labrador.b
2866,-58.75,52.0,Newfoundland and Labrador.b
2867,-58.75,51.5,Quebec.b
2868,-58.75,51.0,Quebec.b
2869,-58.75,50.5,Quebec.a
2870,-58.75,50.0,Newfoundland and Labrador.a
2871,-58.75,49.5,Newfoundland and Labrador.a
2872,-58.75,49.0,Newfoundland and Labrador.a
2873,-58.75,48.5,Newfoundland and Labrador.a
2874,-58.75,48.0,Newfoundland and Labrador.a
2875,-58.75,47.5,Newfoundland and Labrador.a
2876,-58.75,47.0,Newfoundland and Labrador.a
2877,-58.75,46.5,Newfoundland and Labrador.a
2878,-58.125,55.0,Newfoundland and Labrador.b
2879,-58.125,54.5,Newfoundland and Labrador.b
2880,-58.125,54.0,Newfoundland and Labrador.b
2881,-58.125,53.5,Newfoundland and Labrador.b
2882,-58.125,53.0,Newfoundland and Labrador.b
2883,-58.125,52.5,Newfoundland and Labrador.b
2884,-58.125,52.0,Newfoundland and Labrador.b
2885,-58.125,51.5,Quebec.b
2886,-58.125,51.0,Quebec.b
2887,-58.125,50.5,Newfoundland and Labrador.a
2888,-58.125,50.0,Newfoundland and Labrador.a
2889,-58.125,49.5,Newfoundland and Labrador.a
2890,-58.125,49.0,Newfoundland and Labrador.a
2891,-58.125,48.5,Newfoundland and Labrador.a
2892,-58.125,48.0,Newfoundland and Labrador.a
2893,-58.125,47.5,Newfoundland and Labrador.a
2894,-58.125,47.0,Newfoundland and Labrador.a
2895,-58.125,46.5,Newfoundland and Labrador.a
2896,-57.5,54.5,Newfoundland and Labrador.b
2897,-57.5,54.0,Newfoundland and Labrador.b
2898,-57.5,53.5,Newfoundland and Labrador.b
2899,-57.5,53.0,Newfoundland and Labrador.b
2900,-57.5,52.5,Newfoundland and Labrador.b
2901,-57.5,52.0,Newfoundland and Labrador.b
2902,-57.5,51.5,Quebec.b
2903,-57.5,51.0,Newfoundland and Labrador.a
2904,-57.5,50.5,Newfoundland and Labrador.a
2905,-57.5,50.0,Newfoundland and Labrador.a
2906,-57.5,49.5,Newfoundland and Labrador.a
2907,-57.5,49.0,Newfoundland and Labrador.a
2908,-57.5,48.5,Newfoundland and Labrador.a
2909,-57.5,48.0,Newfoundland and Labrador.a
2910,-57.5,47.5,Newfoundland and Labrador.a
2911,-57.5,47.0,Newfoundland and Labrador.a
2912,-57.5,46.5,Newfoundland and Labrador.a
2913,-56.875,54.0,Newfoundland and Labrador.b
2914,-56.875,53.5,Newfoundland and Labrador.b
2915,-56.875,53.0,Newfoundland and Labrador.b
2916,-56.875,52.5,Newfoundland and Labrador.b
2917,-56.875,52.0,Newfoundland and Labrador.b
2918,-56.875,51.5,Newfoundland and Labrador.b
2919,-56.875,51.0,Newfoundland and Labrador.a
2920,-56.875,50.5,Newfoundland and Labrador.a
2921,-56.875,50.0,Newfoundland and Labrador.a
2922,-56.875,49.5,Newfoundland and Labrador.a
2923,-56.875,49.0,Newfoundland and Labrador.a
2924,-56.875,48.5,Newfoundland and Labrador.a
2925,-56.875,48.0,Newfoundland and Labrador.a
2926,-56.875,47.5,Newfoundland and Labrador.a
2927,-56.875,47.0,Newfoundland and Labrador.b
2928,-56.875,46.5,Newfoundland and Labrador.b
2929,-56.25,53.5,Newfoundland and Labrador.b
2930,-56.25,53.0,Newfoundland and Labrador.b
2931,-56.25,52.5,Newfoundland and Labrador.b
2932,-56.25,52.0,Newfoundland and Labrador.b
2933,-56.25,51.5,Newfoundland and Labrador.a
2934,-56.25,51.0,Newfoundland and Labrador.a
2935,-56.25,50.5,Newfoundland and Labrador.a
2936,-56.25,50.0,Newfoundland and Labrador.a
2937,-56.25,49.5,Newfoundland and Labrador.a
2938,-56.25,49.0,Newfoundland and Labrador.a
2939,-56.25,48.5,Newfoundland and Labrador.a
2940,-56.25,48.0,Newfoundland and Labrador.a
2941,-56.25,47.5,Newfoundland and Labrador.a
2942,-56.25,47.0,Newfoundland and Labrador.a
2943,-56.25,46.5,Newfoundland and Labrador.a
2944,-55.625,53.0,Newfoundland and Labrador.b
2945,-55.625,52.5,Newfoundland and Labrador.b
2946,-55.625,52.0,Newfoundland and Labrador.b
2947,-55.625,51.5,Newfoundland and Labrador.a
2948,-55.625,51.0,Newfoundland and Labrador.a
2949,-55.625,50.5,Newfoundland and Labrador.a
2950,-55.625,50.0,Newfoundland and Labrador.a
2951,-55.625,49.5,Newfoundland and Labrador.a
2952,-55.625,49.0,Newfoundland and Labrador.a
2953,-55.625,48.5,Newfoundland and Labrador.a
2954,-55.625,48.0,Newfoundland and Labrador.a
2955,-55.625,47.5,Newfoundland and Labrador.a
2956,-55.625,47.0,Newfoundland and Labrador.a
2957,-55.625,46.5,Newfoundland and Labrador.a
2958,-55.0,49.5,Newfoundland and Labrador.a
2959,-55.0,49.0,Newfoundland and Labrador.a
2960,-55.0,48.5,Newfoundland and Labrador.a
2961,-55.0,48.0,Newfoundland and Labrador.a
2962,-55.0,47.5,Newfoundland and Labrador.a
2963,-55.0,47.0,Newfoundland and Labrador.a
2964,-55.0,46.5,Newfoundland and Labrador.a
2965,-54.375,49.5,Newfoundland and Labrador.a
2966,-54.375,49.0,Newfoundland and Labrador.a
2967,-54.375,48.5,Newfoundland and Labrador.a
2968,-54.375,48.0,Newfoundland and Labrador.a
2969,-54.375,47.5,Newfoundland and Labrador.a
2970,-54.375,47.0,Newfoundland and Labrador.a
2971,-54.375,46.5,Newfoundland and Labrador.a
2972,-53.75,49.5,Newfoundland and Labrador.a
2973,-53.75,49.0,Newfoundland and Labrador.a
2974,-53.75,48.5,Newfoundland and Labrador.a
2975,-53.75,48.0,Newfoundland and Labrador.a
2976,-53.75,47.5,Newfoundland and Labrador.a
2977,-53.75,47.0,Newfoundland and Labrador.a
2978,-53.75,46.5,Newfoundland and Labrador.a
2979,-53.125,49.5,Newfoundland and Labrador.a
2980,-53.125,48.5,Newfoundland and Labrador.a
2981,-53.125,48.0,Newfoundland and Labrador.a
2982,-53.125,47.5,Newfoundland and Labrador.a
2983,-53.125,47.0,Newfoundland and Labrador.a
2984,-53.125,46.5,Newfoundland and Labrador.a
